選舉類型,選區,候選人,推薦政黨
縣市議員,新竹縣第9選舉區,邱坤桶,中國國民黨
縣市議員,嘉義縣第7選舉區,武清山,無
縣市議員,屏東縣第11選舉區,何長成,無
縣市議員,屏東縣第15選舉區,林采穎,無
縣市議員,宜蘭縣第11選舉區,"孫湯玉惠aly saku",無
縣市議員,宜蘭縣第13選舉區,游吉祥,中國國民黨
縣市議員,臺東縣第9選舉區,尤忠正,中國國民黨
縣市議員,臺東縣第10選舉區,楊清順CinsunPawtawan,中國國民黨
縣市議員,臺東縣第12選舉區,古志成,中國國民黨
縣市議員,澎湖縣第5選舉區,陳佩真,無
縣市議員,新竹市第6選舉區,林慈愛,中國國民黨
鄉鎮市長,新竹縣芎林鄉,黃正彪,中國國民黨
鄉鎮市長,苗栗縣苗栗市,邱鎮軍,中國國民黨
鄉鎮市長,苗栗縣卓蘭鎮,詹錦章,無
鄉鎮市長,苗栗縣南庄鄉,羅春蓮,無
鄉鎮市長,苗栗縣三義鄉,呂明忠,無
鄉鎮市長,苗栗縣西湖鄉,高阿賜,無
鄉鎮市長,苗栗縣泰安鄉,陳吉基,中國國民黨
鄉鎮市長,彰化縣秀水鄉,林英嘉,無
鄉鎮市長,彰化縣二林鎮,蔡詩傑,無
鄉鎮市長,彰化縣埤頭鄉,杜懿彩,無
鄉鎮市長,彰化縣竹塘鄉,蔡碩任,無
鄉鎮市長,南投縣信義鄉,全志堅,中國國民黨
鄉鎮市長,雲林縣元長鄉,李明明,民主進步黨
鄉鎮市長,嘉義縣溪口鄉,孫維聰,民主進步黨
鄉鎮市長,嘉義縣中埔鄉,李碧雲,民主進步黨
鄉鎮市長,嘉義縣大埔鄉,吳明勲,無
鄉鎮市長,嘉義縣阿里山鄉,高瑞芳,無
鄉鎮市長,屏東縣麟洛鄉,鍾慶平,無
鄉鎮市長,宜蘭縣冬山鄉,林峻輔,民主進步黨
鄉鎮市長,花蓮縣新城鄉,何禮臺,中國國民黨
鄉鎮市長,臺東縣太麻里鄉,王重仁,中國國民黨
鄉鎮市長,金門縣金沙鎮,吳有家,中國國民黨
鄉鎮市長,連江縣莒光鄉,陳樂禮,中國國民黨
鄉鎮市民代表,新竹縣北埔鄉第3選舉區,李瑞玉,無
鄉鎮市民代表,新竹縣寶山鄉第3選舉區,古仁樺,中國國民黨
鄉鎮市民代表,苗栗縣造橋鄉第2選舉區,陳琦芳,無
鄉鎮市民代表,彰化縣田尾鄉第3選舉區,吳俊樑,無
鄉鎮市民代表,屏東縣車城鄉第1選舉區,白登科,無
鄉鎮市民代表,宜蘭縣大同鄉第1選舉區,林志維,無
鄉鎮市民代表,花蓮縣花蓮市第2選舉區,楊哲灃,中國國民黨
鄉鎮市民代表,花蓮縣玉里鎮第2選舉區,周鑾英,無
鄉鎮市民代表,花蓮縣壽豐鄉第3選舉區,林瑞國,無
鄉鎮市民代表,花蓮縣豐濱鄉第1選舉區,古方新,無
直轄市山地原住民區長,臺中市和平區,吳萬福,無
直轄市山地原住民區民代表,新北市烏來區第3選舉區,黃清波,無
村里長,臺北市松山區莊敬里,周政諭,中國國民黨
村里長,臺北市松山區東榮里,鄭玉梅,無
村里長,臺北市松山區三民里,謝翠鈴,中國國民黨
村里長,臺北市松山區新東里,華國雄,中國國民黨
村里長,臺北市松山區東昌里,陳志明,中國國民黨
村里長,臺北市松山區東勢里,王叔珍,無
村里長,臺北市松山區中華里,游吉興,中國國民黨
村里長,臺北市松山區慈祐里,李祖民,無
村里長,臺北市松山區自強里,李台華,中國國民黨
村里長,臺北市松山區吉祥里,陳永昌,中國國民黨
村里長,臺北市松山區中正里,洪樸陽,無
村里長,臺北市松山區美仁里,林志創,中國國民黨
村里長,臺北市松山區吉仁里,李全長,無
村里長,臺北市松山區復源里,温福義,中國國民黨
村里長,臺北市松山區復勢里,徐麗雲,中國國民黨
村里長,臺北市信義區敦厚里,方聰杰,中國國民黨
村里長,臺北市信義區廣居里,楊玉堂,中國國民黨
村里長,臺北市信義區六藝里,丁禾溱,中國國民黨
村里長,臺北市信義區永吉里,陳永昌,中國國民黨
村里長,臺北市信義區四維里,劉耀平,中國國民黨
村里長,臺北市信義區松隆里,黃俊龍,中國國民黨
村里長,臺北市信義區大仁里,蔡桂清,無
村里長,臺北市信義區三犁里,翁信利,無
村里長,臺北市信義區景聯里,洪福周,中國國民黨
村里長,臺北市信義區景勤里,王雷凱,中國國民黨
村里長,臺北市信義區黎平里,楊介舟,中國國民黨
村里長,臺北市大安區德安里,蔡銘宗,中國國民黨
村里長,臺北市大安區和安里,翁德東,無
村里長,臺北市大安區昌隆里,王志剛,中國國民黨
村里長,臺北市大安區誠安里,李有福,無
村里長,臺北市大安區光武里,韓修和,無
村里長,臺北市大安區龍坡里,黃世詮,中國國民黨
村里長,臺北市大安區龍泉里,龎維良,無
村里長,臺北市大安區龍安里,洪秋甲,中國國民黨
村里長,臺北市大安區福住里,李欣芠,無
村里長,臺北市大安區龍生里,沈鳳雲,中國國民黨
村里長,臺北市大安區住安里,歐秀珠,中國國民黨
村里長,臺北市大安區臨江里,劉勇雄,無
村里長,臺北市大安區群賢里,翁鴻源,無
村里長,臺北市大安區群英里,石忠勝,中國國民黨
村里長,臺北市大安區虎嘯里,詹仲琪,中國國民黨
村里長,臺北市大安區臥龍里,邱奕承,無
村里長,臺北市大安區龍淵里,汪吉秋,中國國民黨
村里長,臺北市大安區龍門里,黃絹家,中國國民黨
村里長,臺北市大安區黎孝里,方丁輝,中國國民黨
村里長,臺北市大安區建倫里,林正達,中國國民黨
村里長,臺北市大安區華聲里,陳金花,無
村里長,臺北市中山區康樂里,王金富,無
村里長,臺北市中山區聚盛里,舒贑臺,中國國民黨
村里長,臺北市中山區圓山里,葉建輝,中國國民黨
村里長,臺北市中山區成功里,李清水,中國國民黨
村里長,臺北市中山區大佳里,莊欽億,民主進步黨
村里長,臺北市中山區新喜里,吳昇陽,民主進步黨
村里長,臺北市中山區新福里,童勝輝,無
村里長,臺北市中山區江寧里,徐信洲,無
村里長,臺北市中山區中原里,羅崇華,無
村里長,臺北市中山區興亞里,林芳薇,中國國民黨
村里長,臺北市中山區朱崙里,高銘鴻,中國國民黨
村里長,臺北市中正區水源里,林全義,中國國民黨
村里長,臺北市中正區富水里,陳麗真,中國國民黨
村里長,臺北市中正區頂東里,王曜樹,中國國民黨
村里長,臺北市中正區螢圃里,陳木松,中國國民黨
村里長,臺北市中正區永功里,陳宏明,中國國民黨
村里長,臺北市中正區廈安里,涂光宇,中國國民黨
村里長,臺北市中正區光復里,王麗美,無
村里長,臺北市中正區幸市里,林禎吉,中國國民黨
村里長,臺北市大同區建明里,王振宇,無
村里長,臺北市大同區朝陽里,呂國維,無
村里長,臺北市大同區光能里,陳靜筠,民主進步黨
村里長,臺北市大同區大有里,許美智,民主進步黨
村里長,臺北市大同區國順里,陳穎慧,民主進步黨
村里長,臺北市大同區揚雅里,吳振明,無
村里長,臺北市萬華區新起里,陳鴻祥,無
村里長,臺北市萬華區菜園里,蔡蕙而,無
村里長,臺北市萬華區福音里,蔡岳樺,中國國民黨
村里長,臺北市萬華區仁德里,許淑惠,民主進步黨
村里長,臺北市萬華區雙園里,許惠城,無
村里長,臺北市萬華區新忠里,邱文龍,中國國民黨
村里長,臺北市萬華區新和里,邱惠雯,無
村里長,臺北市萬華區柳鄉里,蔡和益,無
村里長,臺北市萬華區新安里,郭正中,中國國民黨
村里長,臺北市萬華區孝德里,李明芬,無
村里長,臺北市萬華區和德里,洪天化,無
村里長,臺北市萬華區全德里,趙素美,無
村里長,臺北市萬華區保德里,楊美女,無
村里長,臺北市萬華區榮德里,陳欣漢,無
村里長,臺北市萬華區凌霄里,游秋蓮,中國國民黨
村里長,臺北市文山區景東里,高鳳謙,中國國民黨
村里長,臺北市文山區萬年里,邱秋芳,無
村里長,臺北市文山區萬和里,吳祚榮,中國國民黨
村里長,臺北市文山區萬盛里,徐福進,中國國民黨
村里長,臺北市文山區興光里,洪正平,中國國民黨
村里長,臺北市文山區興家里,劉宗勲,中國國民黨
村里長,臺北市文山區興得里,曾瑞城,中國國民黨
村里長,臺北市文山區興業里,凌錦成,中國國民黨
村里長,臺北市文山區興昌里,吳融昊,中國國民黨
村里長,臺北市文山區華興里,陳峙穎,無
村里長,臺北市文山區明義里,仇世屏,中國國民黨
村里長,臺北市文山區木新里,鄭明通,中國國民黨
村里長,臺北市文山區樟林里,陳文乾,中國國民黨
村里長,臺北市文山區樟腳里,高林玉嬌,中國國民黨
村里長,臺北市文山區忠順里,曾寧旖,中國國民黨
村里長,臺北市文山區樟文里,林淑珠,中國國民黨
村里長,臺北市文山區興邦里,張朝雄,中國國民黨
村里長,臺北市文山區樟樹里,陳再炯,中國國民黨
村里長,臺北市南港區南港里,李志錦,中國國民黨
村里長,臺北市南港區中南里,詹坤隆,無
村里長,臺北市南港區新光里,龔睿堉,中國國民黨
村里長,臺北市南港區東明里,曾漢祺,中國國民黨
村里長,臺北市南港區合成里,巫永仁,無
村里長,臺北市南港區萬福里,林建華,中國國民黨
村里長,臺北市南港區鴻福里,劉明康,中國國民黨
村里長,臺北市南港區百福里,李雯馨,無
村里長,臺北市南港區舊莊里,張瑞芳,無
村里長,臺北市內湖區西安里,李國榮,中國國民黨
村里長,臺北市內湖區內湖里,許昌華,無
村里長,臺北市內湖區湖濱里,陳尤雪,中國國民黨
村里長,臺北市內湖區紫星里,謝佳惠,無
村里長,臺北市內湖區金瑞里,羅世甫,無
村里長,臺北市內湖區紫雲里,夏亦芳,中國國民黨
村里長,臺北市內湖區葫洲里,曾宏昌,中國國民黨
村里長,臺北市內湖區紫陽里,謝源德,中國國民黨
村里長,臺北市內湖區瑞光里,黃崇賢,中國國民黨
村里長,臺北市內湖區樂康里,張碧玉,無
村里長,臺北市內湖區週美里,丘麗玲,無
村里長,臺北市內湖區石潭里,廖煒國,無
村里長,臺北市內湖區秀湖里,謝明毅,中國國民黨
村里長,臺北市內湖區金湖里,邱金波,中國國民黨
村里長,臺北市內湖區蘆洲里,陳明霖,無
村里長,臺北市內湖區麗山里,許明全,無
村里長,臺北市內湖區寶湖里,邱顯松,無
村里長,臺北市士林區福林里,江美珠,無
村里長,臺北市士林區百齡里,翁淑穎,民主進步黨
村里長,臺北市士林區福順里,林家卉,民主進步黨
村里長,臺北市士林區葫蘆里,許振禮,無
村里長,臺北市士林區富洲里,陳惠民,無
村里長,臺北市士林區岩山里,林美雯,人民民主黨
村里長,臺北市士林區名山里,薛群秀,中國國民黨
村里長,臺北市士林區德行里,張僡美,無
村里長,臺北市士林區三玉里,羅志傑,中國國民黨
村里長,臺北市士林區蘭興里,林文龍,無
村里長,臺北市士林區天壽里,陳伯同,無
村里長,臺北市士林區天山里,陳永鴻,無
村里長,臺北市士林區天玉里,潘錦雄,無
村里長,臺北市士林區天母里,李陳菜蓮,無
村里長,臺北市士林區永福里,林國柱,無
村里長,臺北市士林區臨溪里,郭肇富,無
村里長,臺北市北投區石牌里,洪美惠,無
村里長,臺北市北投區振華里,郭崇儀,中國國民黨
村里長,臺北市北投區永明里,何麗玲,中國國民黨
村里長,臺北市北投區東華里,袁大祥,中國國民黨
村里長,臺北市北投區吉慶里,黃勝宗,無
村里長,臺北市北投區立農里,潘建榮,無
村里長,臺北市北投區八仙里,黃永清,無
村里長,臺北市北投區中央里,陳國樑,無
村里長,臺北市北投區中和里,黃景煌,中國國民黨
村里長,臺北市北投區泉源里,陳志成,中國國民黨
村里長,臺北市北投區湖山里,李秋霞,中國國民黨
村里長,臺北市北投區湖田里,曹昌正,無
村里長,新北市板橋區留侯里,黃承亮,無
村里長,新北市板橋區流芳里,陳建雄,中國國民黨
村里長,新北市板橋區赤松里,林文傑,無
村里長,新北市板橋區黃石里,吳聰榮,中國國民黨
村里長,新北市板橋區中正里,林煌益,無
村里長,新北市板橋區自強里,張雪嬰,無
村里長,新北市板橋區光華里,周秀美,無
村里長,新北市板橋區漢生里,蕭水文,無
村里長,新北市板橋區公舘里,陳黃逽,無
村里長,新北市板橋區忠誠里,陳玉蘭,中國國民黨
村里長,新北市板橋區江翠里,蔡明輝,無
村里長,新北市板橋區純翠里,褚仁德,無
村里長,新北市板橋區仁翠里,陳金泉,無
村里長,新北市板橋區吉翠里,陳清玉,無
村里長,新北市板橋區明翠里,沈德發,無
村里長,新北市板橋區松翠里,林阿萬,無
村里長,新北市板橋區龍翠里,張振發,無
村里長,新北市板橋區嵐翠里,林彥綱,無
村里長,新北市板橋區文翠里,王永源,無
村里長,新北市板橋區福翠里,陳嘉生,無
村里長,新北市板橋區埔墘里,曾啟瑜,無
村里長,新北市板橋區九如里,李建重,無
村里長,新北市板橋區玉光里,曾國旃,無
村里長,新北市板橋區光仁里,謝昌佳,無
村里長,新北市板橋區埤墘里,蘇琮貴,無
村里長,新北市板橋區永安里,高導民,無
村里長,新北市板橋區雙玉里,王聰震,無
村里長,新北市板橋區廣新里,黃明和,無
村里長,新北市板橋區深丘里,陳廉誠,無
村里長,新北市板橋區長安里,陳聰文,無
村里長,新北市板橋區福祿里,呂春蘭,中國國民黨
村里長,新北市板橋區景星里,林志成,無
村里長,新北市板橋區福星里,朱泰霖,無
村里長,新北市板橋區鄉雲里,謝秀娥,無
村里長,新北市板橋區廣德里,周建和,無
村里長,新北市板橋區大豐里,張錦堂,無
村里長,新北市板橋區重慶里,許鳳霞,無
村里長,新北市板橋區華興里,劉憲鐘,無
村里長,新北市板橋區華貴里,林榮彩,無
村里長,新北市板橋區華東里,王典芳,無
村里長,新北市板橋區華中里,黃榮煌,民主進步黨
村里長,新北市板橋區僑中里,柯秀月,無
村里長,新北市板橋區聚安里,蔡世川,無
村里長,新北市板橋區溪洲里,王山崎,無
村里長,新北市板橋區溪北里,黃炳南,無
村里長,新北市板橋區香雅里,謝淑姿,無
村里長,新北市板橋區文德里,賴錦賜,無
村里長,新北市板橋區富貴里,詹汝,無
村里長,新北市板橋區堂春里,劉世標,無
村里長,新北市板橋區成和里,鄧月茶,無
村里長,新北市板橋區松柏里,王宏志,無
村里長,新北市板橋區居仁里,郭新芳,無
村里長,新北市板橋區莊敬里,戴清芳,無
村里長,新北市板橋區東安里,陳聰騰,無
村里長,新北市板橋區五權里,吳童,無
村里長,新北市板橋區大觀里,何明山,無
村里長,新北市板橋區歡園里,王國龍,無
村里長,新北市三重區大有里,鐘林美珠,無
村里長,新北市三重區二重里,吳淑貞,無
村里長,新北市三重區頂崁里,郭文屏,無
村里長,新北市三重區德厚里,李燕清,無
村里長,新北市三重區福祉里,陳天森,無
村里長,新北市三重區福民里,林麗枝,民主進步黨
村里長,新北市三重區重明里,蔡淑玲,無
村里長,新北市三重區光田里,吳勝文,無
村里長,新北市三重區光陽里,江燕輝,無
村里長,新北市三重區田中里,詹貴洪,無
村里長,新北市三重區光明里,李政達,無
村里長,新北市三重區光正里,陳志賢,無
村里長,新北市三重區同安里,陳首清,無
村里長,新北市三重區同慶里,張絮淳,無
村里長,新北市三重區菜寮里,梁進益,無
村里長,新北市三重區吉利里,陳金星,無
村里長,新北市三重區平和里,黃進行,無
村里長,新北市三重區光榮里,劉進明,無
村里長,新北市三重區光輝里,吳松春,中國國民黨
村里長,新北市三重區福星里,紀信助,無
村里長,新北市三重區福利里,劉佩華,無
村里長,新北市三重區清和里,楊乾坤,無
村里長,新北市三重區永興里,李金壖,無
村里長,新北市三重區大園里,李宗霖,無
村里長,新北市三重區國隆里,傅孫昇,無
村里長,新北市三重區正德里,賴樹林,無
村里長,新北市三重區正義里,黃烈山,無
村里長,新北市三重區正安里,高素梅,無
村里長,新北市三重區自強里,王鴻賓,無
村里長,新北市三重區錦通里,林煒財,無
村里長,新北市三重區長安里,李宗烈,無
村里長,新北市三重區長江里,唐明聰,無
村里長,新北市三重區長泰里,陳文禮,無
村里長,新北市三重區長福里,林壽,無
村里長,新北市三重區萬壽里,袁翠蘭,無
村里長,新北市三重區龍濱里,曾添發,無
村里長,新北市三重區秀江里,陳貴美,無
村里長,新北市三重區福安里,施正通,無
村里長,新北市三重區信安里,江政洋,無
村里長,新北市三重區安慶里,林金兩,無
村里長,新北市三重區幸福里,郭冬賜,無
村里長,新北市三重區順德里,李鴻志,無
村里長,新北市三重區承德里,吳政權,無
村里長,新北市三重區永福里,呂宜興,無
村里長,新北市三重區五福里,李福山,無
村里長,新北市三重區慈福里,邱茂泉,無
村里長,新北市三重區慈惠里,蔡清德,無
村里長,新北市三重區富貴里,胡天龍,無
村里長,新北市三重區富福里,陳惟國,無
村里長,新北市三重區福德里,吳叁寶,無
村里長,新北市三重區永發里,陳綉娜,無
村里長,新北市三重區永順里,許嘉陣,無
村里長,新北市三重區永豐里,黃冬茂,民主進步黨
村里長,新北市三重區福樂里,蘇修賢,民主進步黨
村里長,新北市三重區仁華里,洪國林,無
村里長,新北市三重區五順里,洪文珍,無
村里長,新北市中和區平河里,黃湘雲,無
村里長,新北市中和區信和里,許泰銘,無
村里長,新北市中和區仁和里,林達,無
村里長,新北市中和區建和里,江曉佩,中國國民黨
村里長,新北市中和區枋寮里,羅仕滄,中國國民黨
村里長,新北市中和區漳和里,劉建盛,無
村里長,新北市中和區福真里,蔡昭發,無
村里長,新北市中和區福善里,陳愷松,中國國民黨
村里長,新北市中和區福和里,簡健翔,無
村里長,新北市中和區佳和里,陳得福,中國國民黨
村里長,新北市中和區安樂里,呂福來,中國國民黨
村里長,新北市中和區中安里,李謙國,中國國民黨
村里長,新北市中和區泰安里,葉玉伴,中國國民黨
村里長,新北市中和區新南里,申文博,中國國民黨
村里長,新北市中和區南山里,紀忠和,中國國民黨
村里長,新北市中和區秀山里,林秋宇,中國國民黨
村里長,新北市中和區秀成里,吳金松,中國國民黨
村里長,新北市中和區秀福里,林江西,無
村里長,新北市中和區秀景里,李淙河,中國國民黨
村里長,新北市中和區秀明里,施義男,中國國民黨
村里長,新北市中和區秀峰里,周存炎,中國國民黨
村里長,新北市中和區秀仁里,陳慶章,中國國民黨
村里長,新北市中和區頂南里,謝森儒,中國國民黨
村里長,新北市中和區華新里,楊錦煌,無
村里長,新北市中和區華南里,林平發,中國國民黨
村里長,新北市中和區景南里,胡宇辰,中國國民黨
村里長,新北市中和區橫路里,呂星輝,中國國民黨
村里長,新北市中和區內南里,曾金禧,中國國民黨
村里長,新北市中和區外南里,連顯達,中國國民黨
村里長,新北市中和區復興里,尤敏玉,無
村里長,新北市中和區和興里,蔡璧如,無
村里長,新北市中和區景福里,王坤茂,中國國民黨
村里長,新北市中和區景安里,游任是,中國國民黨
村里長,新北市中和區景文里,林東銘,中國國民黨
村里長,新北市中和區錦和里,林進明,無
村里長,新北市中和區灰磘里,林鑫宏,無
村里長,新北市中和區積穗里,陳致廷,無
村里長,新北市中和區文元里,吳欣怡,無
村里長,新北市中和區嘉新里,林后福,無
村里長,新北市中和區民安里,張金鳳,無
村里長,新北市中和區瑞穗里,陳美華,中國國民黨
村里長,新北市中和區明穗里,何韋翰,無
村里長,新北市中和區德穗里,詹文定,中國國民黨
村里長,新北市中和區民生里,朱朝鶯,無
村里長,新北市中和區國光里,蘇俊琦,無
村里長,新北市中和區德行里,陳靜宜,中國國民黨
村里長,新北市中和區景本里,張林秀麗,無
村里長,新北市中和區中興里,游志鴻,中國國民黨
村里長,新北市中和區吉興里,陳成功,無
村里長,新北市中和區碧河里,賴清華,無
村里長,新北市中和區錦中里,范榮豐,無
村里長,新北市中和區員富里,蔡宗霖,無
村里長,新北市中和區嘉慶里,吳永華,無
村里長,新北市中和區正行里,陳盈君,無
村里長,新北市永和區文化里,陳水上,中國國民黨
村里長,新北市永和區豫溪里,廖亦芳,無
村里長,新北市永和區仁愛里,李天助,中國國民黨
村里長,新北市永和區民治里,陳以樂,中國國民黨
村里長,新北市永和區永成里,周國良,中國國民黨
村里長,新北市永和區秀林里,,中國國民黨
村里長,新北市永和區保安里,許承煬,中國國民黨
村里長,新北市永和區民權里,鄭文昌,中國國民黨
村里長,新北市永和區勵行里,洪敏,中國國民黨
村里長,新北市永和區秀朗里,沈賜是,中國國民黨
村里長,新北市永和區秀成里,黃昰瑋,中國國民黨
村里長,新北市永和區雙和里,黃珠珪,中國國民黨
村里長,新北市永和區水源里,柯義和,中國國民黨
村里長,新北市永和區協和里,陳昱庭,中國國民黨
村里長,新北市永和區頂溪里,蔡美娟,中國國民黨
村里長,新北市永和區潭墘里,阮汪淑華,中國國民黨
村里長,新北市永和區潭安里,游富喬,中國國民黨
村里長,新北市永和區復興里,葉斯修,中國國民黨
村里長,新北市永和區智光里,趙珮蓁,中國國民黨
村里長,新北市永和區新生里,姜銀英,中國國民黨
村里長,新北市永和區大同里,陳健蒼,中國國民黨
村里長,新北市永和區前溪里,方金源,中國國民黨
村里長,新北市永和區和平里,柳舒雲,中國國民黨
村里長,新北市永和區下溪里,林敏德,中國國民黨
村里長,新北市永和區秀和里,孫和連,中國國民黨
村里長,新北市永和區河濱里,孫黃秋月,中國國民黨
村里長,新北市永和區秀得里,高欽,中國國民黨
村里長,新北市永和區上林里,林維楠,中國國民黨
村里長,新北市永和區永興里,陳錦松,中國國民黨
村里長,新北市永和區後溪里,莊銘淵,民主進步黨
村里長,新北市永和區民富里,林士翔,中國國民黨
村里長,新北市永和區秀元里,饒金妹,中國國民黨
村里長,新北市永和區保順里,林葉成,中國國民黨
村里長,新北市新莊區國泰里,陳金乾,無
村里長,新北市新莊區全安里,蔡明祥,無
村里長,新北市新莊區福基里,王曜輝,無
村里長,新北市新莊區忠孝里,林長川,無
村里長,新北市新莊區恆安里,蔡陳恒菊,無
村里長,新北市新莊區文衡里,王慶順,無
村里長,新北市新莊區中美里,陳明卿,民主進步黨
村里長,新北市新莊區中和里,林孟鴻,無
村里長,新北市新莊區西盛里,陳金田,無
村里長,新北市新莊區榮和里,黃希義,中國國民黨
村里長,新北市新莊區瓊林里,吳佳擇,無
村里長,新北市新莊區文德里,陳圓光,無
村里長,新北市新莊區中誠里,沈丁子,無
村里長,新北市新莊區思源里,沈明耀,民主進步黨
村里長,新北市新莊區立人里,吳碧麗,無
村里長,新北市新莊區南港里,林朝基,無
村里長,新北市新莊區仁愛里,吳俊聲,無
村里長,新北市新莊區信義里,吳秋桂,無
村里長,新北市新莊區立功里,陳易澤,無
村里長,新北市新莊區自強里,柯蔡阿菜,無
村里長,新北市新莊區丹鳳里,林永傑,無
村里長,新北市新莊區光明里,廖榮裕,無
村里長,新北市新莊區自立里,吳東杉,無
村里長,新北市新莊區雙鳳里,潘素娥,無
村里長,新北市新莊區自信里,林秋雲,無
村里長,新北市新莊區中華里,陳敬波,無
村里長,新北市新莊區中隆里,吳清標,無
村里長,新北市新莊區中信里,林阿元,無
村里長,新北市新莊區四維里,吳岳澤,無
村里長,新北市新莊區建福里,劉金祥,無
村里長,新北市新莊區中宏里,洪少欽,無
村里長,新北市新莊區全泰里,陳哲郎,無
村里長,新北市新莊區立基里,張中貞,無
村里長,新北市新莊區文聖里,蔣添榮,中國國民黨
村里長,新北市新莊區福營里,廖皇源,無
村里長,新北市新莊區後德里,劉臺鳳,無
村里長,新北市新莊區成德里,王義寬,無
村里長,新北市新莊區昌信里,柯明啓,無
村里長,新北市新莊區立廷里,許任銘,中國國民黨
村里長,新北市新莊區富民里,陳清泉,無
村里長,新北市新莊區龍福里,陳立維,無
村里長,新北市新莊區祥鳳里,賴俊良,無
村里長,新北市新莊區民全里,張文興,無
村里長,新北市新莊區光和里,林光燦,無
村里長,新北市新店區國豐里,顏榮宏,中國國民黨
村里長,新北市新店區大同里,俞賢明,無
村里長,新北市新店區江陵里,葉金珠,中國國民黨
村里長,新北市新店區信義里,林木己,中國國民黨
村里長,新北市新店區大鵬里,喬天鼎,中國國民黨
村里長,新北市新店區頂城里,王明籐,無
村里長,新北市新店區下城里,廖瓊瑤,無
村里長,新北市新店區永安里,林清一,無
村里長,新北市新店區公崙里,游炎嵐,中國國民黨
村里長,新北市新店區德安里,丁萬貴,無
村里長,新北市新店區塗潭里,邱秀雄,無
村里長,新北市新店區美潭里,簡明峰,無
村里長,新北市新店區青潭里,林岑郁,無
村里長,新北市新店區張南里,林國榮,中國國民黨
村里長,新北市新店區文中里,劉閔禮,中國國民黨
村里長,新北市新店區廣明里,張添財,無
村里長,新北市新店區新生里,黃頌之,中國國民黨
村里長,新北市新店區五峯里,陳淑美,中國國民黨
村里長,新北市新店區中華里,邱湘羚,無
村里長,新北市新店區百忍里,陳建利,中國國民黨
村里長,新北市新店區百和里,陳先鳴,中國國民黨
村里長,新北市新店區福德里,張元亨,中國國民黨
村里長,新北市新店區福民里,盧浩賢,中國國民黨
村里長,新北市新店區中山里,潘威志,無
村里長,新北市新店區和平里,閻培樞,中國國民黨
村里長,新北市新店區安和里,劉淑美,中國國民黨
村里長,新北市新店區建國里,蘇高雪嬌,無
村里長,新北市新店區復興里,劉洪珠,中國國民黨
村里長,新北市新店區美城里,翁智冠,無
村里長,新北市新店區安昌里,范姜玉嬌,中國國民黨
村里長,新北市新店區長春里,李傳傑,中國國民黨
村里長,新北市新店區新和里,仇雅彤,中國國民黨
村里長,新北市新店區達觀里,金威,無
村里長,新北市新店區華城里,花秋賢,無
村里長,新北市樹林區三多里,吳謝秀琴,無
村里長,新北市樹林區三興里,王永村,無
村里長,新北市樹林區圳安里,許進旺,無
村里長,新北市樹林區潭底里,許萬來,無
村里長,新北市樹林區樹南里,邱垂章,無
村里長,新北市樹林區樹人里,邱世昌,無
村里長,新北市樹林區東陽里,林耿邦,無
村里長,新北市樹林區樂山里,廖文斌,無
村里長,新北市樹林區東園里,陳兩進,無
村里長,新北市樹林區西園里,陳振彥,無
村里長,新北市樹林區樹北里,林俊明,無
村里長,新北市樹林區圳福里,蘇益和,無
村里長,新北市樹林區樹興里,詹美齡,無
村里長,新北市樹林區金寮里,楊淑惠,無
村里長,新北市樹林區中山里,簡炎輝,無
村里長,新北市樹林區育英里,詹炳新,無
村里長,新北市樹林區中華里,張美珠,無
村里長,新北市樹林區太順里,蔣榮井,無
村里長,新北市樹林區圳民里,王墘,無
村里長,新北市樹林區三龍里,周淑甘,無
村里長,新北市鶯歌區西鶯里,蘇炳輝,無
村里長,新北市鶯歌區建德里,林真達,無
村里長,新北市鶯歌區永昌里,游武雄,無
村里長,新北市鶯歌區南靖里,吳金定,無
村里長,新北市鶯歌區尖山里,陳怡潔,無
村里長,新北市鶯歌區二甲里,林水土,無
村里長,新北市鶯歌區東湖里,呂阿添,中華統一促進黨
村里長,新北市鶯歌區鳳鳴里,陳芷柔,無
村里長,新北市鶯歌區鳳祥里,曾勝利,無
村里長,新北市三峽區三峽里,黃宗祥,無
村里長,新北市三峽區秀川里,李楷瑞,無
村里長,新北市三峽區八張里,謝麗玲,無
村里長,新北市三峽區弘道里,陳錦桐,無
村里長,新北市三峽區永舘里,蘇正國,無
村里長,新北市三峽區礁溪里,周志鴻,無
村里長,新北市三峽區鳶山里,周文美,中國國民黨
村里長,新北市三峽區嘉添里,李萬興,無
村里長,新北市三峽區添福里,陳秉源,無
村里長,新北市三峽區金圳里,邱金菊,無
村里長,新北市三峽區有木里,胡幸姍,無
村里長,新北市三峽區溪南里,蘇伯聰,無
村里長,新北市三峽區溪東里,陳錫遠,無
村里長,新北市三峽區竹崙里,張博勇,無
村里長,新北市三峽區介壽里,周梓亭,無
村里長,新北市三峽區中正里,陳志泉,無
村里長,新北市三峽區龍恩里,黃家賢,無
村里長,新北市淡水區中和里,王文輝,無
村里長,新北市淡水區賢孝里,葉振昌,無
村里長,新北市淡水區興仁里,盧仁澤,無
村里長,新北市淡水區義山里,葉水金,無
村里長,新北市淡水區埤島里,蔡正忠,無
村里長,新北市淡水區新興里,吳錦泉,無
村里長,新北市淡水區北投里,張麗卿,中國國民黨
村里長,新北市淡水區忠寮里,蔣耿南,無
村里長,新北市淡水區坪頂里,郭建義,無
村里長,新北市淡水區竹圍里,李啟源,無
村里長,新北市淡水區民生里,陳李明緣,中國國民黨
村里長,新北市淡水區八勢里,沈欽裕,無
村里長,新北市淡水區竿蓁里,王信崇,中國國民黨
村里長,新北市淡水區鄧公里,邱美津,中國國民黨
村里長,新北市淡水區中興里,江慶發,無
村里長,新北市淡水區長庚里,陳崇煌,無
村里長,新北市淡水區草東里,黃逢晚,無
村里長,新北市淡水區協元里,蕭慶和,無
村里長,新北市淡水區永吉里,謝安棋,無
村里長,新北市淡水區民安里,鄭英和,無
村里長,新北市淡水區油車里,唐儷樺,中國國民黨
村里長,新北市淡水區新義里,盧寶全,無
村里長,新北市淡水區新春里,莊志文,無
村里長,新北市淡水區新民里,林聖傑,無
村里長,新北市淡水區正德里,黃俊雄,無
村里長,新北市淡水區北新里,許春榮,中國國民黨
村里長,新北市淡水區民權里,江瑟媚,無
村里長,新北市淡水區幸福里,李佳倩,無
村里長,新北市淡水區學府里,林文成,無
村里長,新北市淡水區大庄里,林建仲,中國國民黨
村里長,新北市汐止區智慧里,黃智明,無
村里長,新北市汐止區信望里,楊順德,無
村里長,新北市汐止區秀峰里,蘇樹木,無
村里長,新北市汐止區新昌里,林碧霞,中國國民黨
村里長,新北市汐止區復興里,蕭素真,無
村里長,新北市汐止區保安里,蘇忠吉,無
村里長,新北市汐止區保長里,賴宗福,無
村里長,新北市汐止區北峰里,陳南海,無
村里長,新北市汐止區橫科里,詹清山,中國國民黨
村里長,新北市汐止區福山里,謝志忠,中國國民黨
村里長,新北市汐止區宜興里,陳清溪,中國國民黨
村里長,新北市汐止區中興里,蔡振國,無
村里長,新北市汐止區厚德里,陳有諒,中國國民黨
村里長,新北市汐止區文化里,余寶聰,中國國民黨
村里長,新北市汐止區金龍里,陳美麗,無
村里長,新北市汐止區福德里,林山永,無
村里長,新北市汐止區環河里,黃世和,民主進步黨
村里長,新北市汐止區崇德里,蘇宏杰,無
村里長,新北市汐止區長青里,陳建興,中國國民黨
村里長,新北市汐止區福安里,顏群宗,無
村里長,新北市汐止區建成里,黃信裕,無
村里長,新北市汐止區城中里,廖福賢,無
村里長,新北市汐止區保新里,吳明道,無
村里長,新北市瑞芳區龍川里,賴鴻春,無
村里長,新北市瑞芳區龍山里,陳志強,時代力量
村里長,新北市瑞芳區龍安里,柯瑞和,無
村里長,新北市瑞芳區柑坪里,許銘仁,無
村里長,新北市瑞芳區東和里,周樹木,無
村里長,新北市瑞芳區上天里,林瑞明,無
村里長,新北市瑞芳區吉安里,謝永昌,無
村里長,新北市瑞芳區傑魚里,周清標,無
村里長,新北市瑞芳區猴硐里,楊志德,無
村里長,新北市瑞芳區基山里,石智能,無
村里長,新北市瑞芳區崇文里,江李美女,無
村里長,新北市瑞芳區福住里,蘇進益,無
村里長,新北市瑞芳區新山里,吳苓芳,無
村里長,新北市瑞芳區濓新里,黃瑞聰,無
村里長,新北市瑞芳區瑞濱里,胡長安,無
村里長,新北市土城區埤塘里,邱顯俊,無
村里長,新北市土城區土城里,徐信榮,無
村里長,新北市土城區員仁里,洪永富,無
村里長,新北市土城區日新里,吳信坪,無
村里長,新北市土城區柑林里,張育誠,無
村里長,新北市土城區埤林里,蔡志紅,無
村里長,新北市土城區清水里,江純文,無
村里長,新北市土城區永豐里,黃榮沐,無
村里長,新北市土城區清化里,袁慧如,無
村里長,新北市土城區清溪里,彭兆鵬,無
村里長,新北市土城區廷寮里,李月嬌,無
村里長,新北市土城區大安里,張俊隆,無
村里長,新北市土城區頂埔里,林忠謀,無
村里長,新北市土城區頂福里,顏義信,無
村里長,新北市土城區頂新里,許元皇,無
村里長,新北市土城區祖田里,呂惠美,無
村里長,新北市土城區廣福里,丁科秀,無
村里長,新北市土城區學府里,宮敬家,無
村里長,新北市土城區延壽里,滕月蘭,無
村里長,新北市土城區安和里,古秋源,無
村里長,新北市土城區青雲里,廖特青,無
村里長,新北市土城區延吉里,楊季堂,無
村里長,新北市土城區員信里,杜萬來,無
村里長,新北市土城區永富里,黃思儀,無
村里長,新北市土城區延和里,黃富源,無
村里長,新北市土城區學士里,黃榮葵,中國國民黨
村里長,新北市土城區廣興里,張淑玲,中國國民黨
村里長,新北市土城區延祿里,周婕,無
村里長,新北市蘆洲區正義里,林志修,無
村里長,新北市蘆洲區光華里,李鵬毅,無
村里長,新北市蘆洲區保佑里,李紹和,無
村里長,新北市蘆洲區水湳里,吳松標,無
村里長,新北市蘆洲區樓厝里,李煒寅,無
村里長,新北市蘆洲區樹德里,李芳龍,無
村里長,新北市蘆洲區得勝里,蔡志選,無
村里長,新北市蘆洲區南港里,王珠香,無
村里長,新北市蘆洲區永康里,林世峯,無
村里長,新北市蘆洲區信義里,郭騰芳,無
村里長,新北市蘆洲區復興里,李源泉,無
村里長,新北市蘆洲區仁愛里,林宏典,無
村里長,新北市蘆洲區忠義里,杜芝蓮,無
村里長,新北市蘆洲區中華里,蔡宜峰,民主進步黨
村里長,新北市蘆洲區仁義里,何益銘,無
村里長,新北市蘆洲區光明里,陳文良,民主進步黨
村里長,新北市蘆洲區保新里,黃素秋,無
村里長,新北市蘆洲區民和里,李進誠,中國國民黨
村里長,新北市蘆洲區福安里,李文義,無
村里長,新北市蘆洲區成功里,林德義,無
村里長,新北市蘆洲區永德里,陳宥安,無
村里長,新北市五股區成州里,陳林益,無
村里長,新北市五股區成功里,簡銘信,無
村里長,新北市五股區五龍里,陳燕山,無
村里長,新北市五股區五股里,陳蔡燕女,無
村里長,新北市五股區德音里,洪世欣,無
村里長,新北市五股區集賢里,陳文賓,無
村里長,新北市五股區民義里,陳添福,無
村里長,新北市五股區成泰里,潘明宏,無
村里長,新北市泰山區義學里,陳和榮,無
村里長,新北市泰山區貴子里,戴聯樹,無
村里長,新北市泰山區同興里,詹明德,無
村里長,新北市泰山區義仁里,許火炎,無
村里長,新北市泰山區福興里,張玉琴,中國國民黨
村里長,新北市泰山區全興里,趙木山,無
村里長,新北市林口區東林里,陳洪賓,無
村里長,新北市林口區西林里,王國華,無
村里長,新北市林口區菁湖里,林益興,無
村里長,新北市林口區中湖里,陳國珍,無
村里長,新北市林口區湖北里,張文清,無
村里長,新北市林口區頂福里,蘇源和,無
村里長,新北市林口區下福里,李美玉,無
村里長,新北市林口區麗林里,薛純良,無
村里長,新北市林口區麗園里,黃添福,無
村里長,新北市深坑區深坑里,黃建強,無
村里長,新北市深坑區土庫里,高太郎,無
村里長,新北市深坑區昇高里,李傳震,無
村里長,新北市深坑區萬福里,鄭宗良,無
村里長,新北市石碇區石碇里,王銘勇,無
村里長,新北市石碇區潭邊里,王萬紫,無
村里長,新北市石碇區隆盛里,謝根林,無
村里長,新北市石碇區烏塗里,林却,無
村里長,新北市石碇區彭山里,許建長,無
村里長,新北市石碇區豐田里,黃種奇,無
村里長,新北市石碇區永定里,王金洞,無
村里長,新北市石碇區中民里,郭滄樑,無
村里長,新北市石碇區永安里,蕭敏玲,無
村里長,新北市石碇區格頭里,高國泰,無
村里長,新北市三芝區埔頭里,簡錦隆,無
村里長,新北市三芝區埔坪里,曾玉珍,無
村里長,新北市三芝區茂長里,林雙喜,無
村里長,新北市三芝區錫板里,陳燕國,無
村里長,新北市三芝區福德里,郭萬和,中國國民黨
村里長,新北市三芝區興華里,杜國偵,無
村里長,新北市石門區尖鹿里,邱朝欉,無
村里長,新北市石門區乾華里,曾清松,無
村里長,新北市八里區龍源里,林俊德,無
村里長,新北市八里區舊城里,陳天發,無
村里長,新北市八里區訊塘里,張金貴,無
村里長,新北市八里區荖阡里,楊萬福,無
村里長,新北市八里區長坑里,洪煜豪,無
村里長,新北市八里區下罟里,汪金傳,無
村里長,新北市平溪區薯榔里,潘隆裕,無
村里長,新北市平溪區石底里,楊鄭財,無
村里長,新北市平溪區平溪里,高文城,無
村里長,新北市平溪區望古里,林寶玫,無
村里長,新北市平溪區平湖里,林燈源,無
村里長,新北市平溪區新寮里,胡兩泉,無
村里長,新北市雙溪區雙溪里,盧燈煌,無
村里長,新北市雙溪區平林里,黃添松,無
村里長,新北市雙溪區上林里,簡德福,中國國民黨
村里長,新北市雙溪區長源里,陳資郎,無
村里長,新北市貢寮區貢寮里,楊張翠華,無
村里長,新北市貢寮區雙玉里,吳永彬,無
村里長,新北市貢寮區龍崗里,黃朝銘,無
村里長,新北市貢寮區福隆里,吳憲彰,無
村里長,新北市貢寮區福連里,吳文益,無
村里長,新北市貢寮區美豐里,周貝芳,無
村里長,新北市金山區和平里,張文輝,無
村里長,新北市金山區豐漁里,許吉興,無
村里長,新北市金山區磺港里,許明熙,無
村里長,新北市金山區重和里,賴蔡標,無
村里長,新北市金山區兩湖里,張金火,無
村里長,新北市金山區清泉里,陳麗蘭,無
村里長,新北市金山區西湖里,賴聰明,無
村里長,新北市金山區金美里,蔡龍豪,無
村里長,新北市萬里區大鵬里,李建才,無
村里長,新北市萬里區磺潭里,張宗基,中國國民黨
村里長,新北市萬里區溪底里,吳連財,無
村里長,新北市萬里區北基里,鄧月嬌,中國國民黨
村里長,桃園市桃園區文化里,歐陽瀚,無
村里長,桃園市桃園區文明里,朱國銘,無
村里長,桃園市桃園區永興里,葉昆展,無
村里長,桃園市桃園區汴洲里,楊鑫坤,無
村里長,桃園市桃園區東埔里,江慶尚,無
村里長,桃園市桃園區東山里,游文章,無
村里長,桃園市桃園區萬壽里,張桃,無
村里長,桃園市桃園區長安里,陳俊亨,無
村里長,桃園市桃園區西門里,陳美卿,中國國民黨
村里長,桃園市桃園區中和里,許水來,無
村里長,桃園市桃園區慈文里,錡春發,無
村里長,桃園市桃園區西湖里,呂淑靜,無
村里長,桃園市桃園區南門里,吳宏泰,無
村里長,桃園市桃園區南華里,林獻堂,無
村里長,桃園市桃園區玉山里,林于翔,無
村里長,桃園市桃園區中成里,姜明月,無
村里長,桃園市桃園區北門里,蕭國章,無
村里長,桃園市桃園區雲林里,翁渭業,無
村里長,桃園市桃園區光興里,邱秀,無
村里長,桃園市桃園區成功里,李秀蓮,中國國民黨
村里長,桃園市桃園區三民里,康進旺,無
村里長,桃園市桃園區中寧里,陳明輝,無
村里長,桃園市桃園區莊敬里,高淞泰,無
村里長,桃園市桃園區文中里,陳武卿,無
村里長,桃園市桃園區泰山里,游輝居,無
村里長,桃園市桃園區中路里,溫麗芳,無
村里長,桃園市桃園區中德里,蔡秀星,無
村里長,桃園市桃園區寶山里,黃寬量,無
村里長,桃園市桃園區龍安里,蕭卉君,無
村里長,桃園市桃園區中平里,顏秀錦,無
村里長,桃園市桃園區中原里,王秀璞,無
村里長,桃園市桃園區南埔里,張寶鑾,無
村里長,桃園市桃園區中聖里,崔美瑛,無
村里長,桃園市桃園區同德里,張秀好,無
村里長,桃園市桃園區瑞慶里,黃欣韻,無
村里長,桃園市桃園區三元里,陳章立,無
村里長,桃園市桃園區福元里,楊瑞麟,無
村里長,桃園市中壢區永興里,方明裕,無
村里長,桃園市中壢區內壢里,林勝傑,中國國民黨
村里長,桃園市中壢區光明里,林坤泉,中國國民黨
村里長,桃園市中壢區自強里,黃省慶,無
村里長,桃園市中壢區仁愛里,鄧立敦,無
村里長,桃園市中壢區新街里,莊金泉,無
村里長,桃園市中壢區忠義里,簡秋榮,無
村里長,桃園市中壢區中正里,王財得,無
村里長,桃園市中壢區興仁里,李振榮,中國國民黨
村里長,桃園市中壢區洽溪里,游家興,無
村里長,桃園市中壢區篤行里,楊婷芸,無
村里長,桃園市中壢區新明里,盧肇興,中國國民黨
村里長,桃園市中壢區中原里,沈清進,無
村里長,桃園市中壢區龍岡里,吳淑情,中國國民黨
村里長,桃園市中壢區興國里,彭政銘,無
村里長,桃園市中壢區石頭里,王子林,無
村里長,桃園市中壢區中建里,李應偉,無
村里長,桃園市中壢區芝芭里,黃連應,無
村里長,桃園市中壢區振興里,董文昌,無
村里長,桃園市中壢區普慶里,鍾洪玉女,無
村里長,桃園市中壢區忠孝里,游緣如,無
村里長,桃園市中壢區和平里,盧栽寬,無
村里長,桃園市中壢區普強里,江長榮,無
村里長,桃園市中壢區至善里,梁惠鈴,無
村里長,桃園市中壢區德義里,楊建雲,中國國民黨
村里長,桃園市中壢區仁義里,張正忠,無
村里長,桃園市中壢區幸福里,陳耀金,無
村里長,桃園市中壢區仁和里,陳長來,中國國民黨
村里長,桃園市中壢區華愛里,陳能娟,無
村里長,桃園市中壢區莊敬里,劉邦茂,中國國民黨
村里長,桃園市中壢區自治里,吳宏駿,無
村里長,桃園市中壢區龍慈里,宋化森,無
村里長,桃園市大溪區福仁里,黃春成,無
村里長,桃園市大溪區一心里,黃進賢,無
村里長,桃園市大溪區一德里,呂理民,無
村里長,桃園市大溪區月眉里,黃文中,無
村里長,桃園市大溪區永福里,廖芊樺,無
村里長,桃園市大溪區復興里,邱焯勳,無
村里長,桃園市大溪區康安里,廖學淵,無
村里長,桃園市大溪區瑞興里,林瑞興,無
村里長,桃園市大溪區仁義里,張振源,無
村里長,桃園市大溪區仁善里,曲煥朋,無
村里長,桃園市大溪區瑞源里,江朝陽,無
村里長,桃園市大溪區光明里,黃永龍,無
村里長,桃園市大溪區田心里,游秋蓉,無
村里長,桃園市大溪區仁美里,曾月娥,中國國民黨
村里長,桃園市楊梅區永寧里,張乾坤,無
村里長,桃園市楊梅區大同里,謝伯鴻,無
村里長,桃園市楊梅區瑞塘里,王興福,無
村里長,桃園市楊梅區四維里,羅文明,中國國民黨
村里長,桃園市楊梅區梅溪里,吳錦鴻,無
村里長,桃園市楊梅區高山里,鄭豐慶,無
村里長,桃園市楊梅區高榮里,陳秀雲,無
村里長,桃園市楊梅區員本里,陳奕霖,無
村里長,桃園市楊梅區中山里,黃朱秀娥,無
村里長,桃園市楊梅區金溪里,彭慧蓮,無
村里長,桃園市楊梅區新榮里,林子齡,無
村里長,桃園市楊梅區瑞坪里,呂芳盛,無
村里長,桃園市楊梅區瑞溪里,林美慧,無
村里長,桃園市楊梅區三民里,黃金枝,無
村里長,桃園市楊梅區頭湖里,郝文會,無
村里長,桃園市蘆竹區大竹里,黃榮祈,中國國民黨
村里長,桃園市蘆竹區錦興里,林延珠,無
村里長,桃園市蘆竹區南榮里,卓宗賢,無
村里長,桃園市蘆竹區長興里,呂理粲,無
村里長,桃園市蘆竹區錦中里,李詩銘,無
村里長,桃園市蘆竹區上竹里,李阿清,中國國民黨
村里長,桃園市蘆竹區瓦窯里,吳國勝,無
村里長,桃園市蘆竹區羊稠里,李纘騰,無
村里長,桃園市蘆竹區順興里,陳淑媛,無
村里長,桃園市蘆竹區中山里,黃淑芬,無
村里長,桃園市蘆竹區福祿里,李勝輝,無
村里長,桃園市蘆竹區中興里,張月娥,無
村里長,桃園市蘆竹區上興里,蕭富全,無
村里長,桃園市蘆竹區營福里,夏榮發,中國國民黨
村里長,桃園市大園區大園里,林文川,無
村里長,桃園市大園區溪海里,劉健勲,無
村里長,桃園市大園區和平里,劉鈺貞,無
村里長,桃園市大園區五權里,游振輝,無
村里長,桃園市大園區菓林里,陳錫達,無
村里長,桃園市大園區沙崙里,游素珠,無
村里長,桃園市大園區內海里,許程睿,無
村里長,桃園市大園區北港里,蔡烱烈,無
村里長,桃園市大園區南港里,許茂,無
村里長,桃園市大園區青山里,李吳彩月,無
村里長,桃園市龜山區楓樹里,陳樹源,無
村里長,桃園市龜山區山福里,許文來,無
村里長,桃園市龜山區陸光里,聶哲淵,中國國民黨
村里長,桃園市龜山區公西里,陳銀河,無
村里長,桃園市龜山區樂善里,黃錦芳,無
村里長,桃園市龜山區南上里,陳鼎景,無
村里長,桃園市龜山區大坑里,游輝鐘,無
村里長,桃園市龜山區中興里,卓淑美,無
村里長,桃園市龜山區山德里,李健祿,無
村里長,桃園市龜山區龍壽里,陳水賓,無
村里長,桃園市龜山區大崗里,陳清華,無
村里長,桃園市龜山區文化里,黃明助,無
村里長,桃園市龜山區南美里,黃雅蓉,無
村里長,桃園市龜山區福源里,顏福來,無
村里長,桃園市龜山區新嶺里,陳文慶,無
村里長,桃園市龜山區大華里,潘素秋,無
村里長,桃園市八德區瑞德里,康秀雲,中國國民黨
村里長,桃園市八德區霄裡里,温玉紅,無
村里長,桃園市八德區茄苳里,賴弘毅,無
村里長,桃園市八德區高明里,呂峻安,中國國民黨
村里長,桃園市八德區白鷺里,黃慶玉,無
村里長,桃園市八德區大湳里,鄭桂林,無
村里長,桃園市八德區大和里,鄭秀英,無
村里長,桃園市八德區大同里,王錫文,無
村里長,桃園市八德區大義里,尤金源,無
村里長,桃園市八德區大忠里,劉銘勲,中國國民黨
村里長,桃園市八德區大華里,王福順,無
村里長,桃園市八德區大仁里,張國平,無
村里長,桃園市八德區大正里,郭明法,中國國民黨
村里長,桃園市八德區大明里,呂新添,無
村里長,桃園市八德區大竹里,鄭榮輝,無
村里長,桃園市八德區大慶里,李建銘,無
村里長,桃園市八德區大千里,呂黎靜,無
村里長,桃園市八德區高城里,徐添發,無
村里長,桃園市八德區陸光里,何金鳳,中國國民黨
村里長,桃園市八德區永豐里,趙令城,無
村里長,桃園市龍潭區黃唐里,劉修增,無
村里長,桃園市龍潭區烏林里,李鳳芝,中國國民黨
村里長,桃園市龍潭區八德里,葉來旺,無
村里長,桃園市龍潭區三林里,楊仕鉦,中國國民黨
村里長,桃園市龍潭區百年里,張銘純,無
村里長,桃園市龍潭區龍祥里,彭春蘭,中國國民黨
村里長,桃園市龍潭區建林里,張淑美,中國國民黨
村里長,桃園市龍潭區祥和里,林鴻斌,無
村里長,桃園市平鎮區宋屋里,魏寶蘭,無
村里長,桃園市平鎮區北勢里,張寶鈿,無
村里長,桃園市平鎮區北興里,莊訓城,中國國民黨
村里長,桃園市平鎮區南勢里,林德忠,無
村里長,桃園市平鎮區龍興里,許金新,無
村里長,桃園市平鎮區貿易里,宋子毅,無
村里長,桃園市平鎮區建安里,葉姜双鳳,無
村里長,桃園市平鎮區鎮興里,黃志杰,無
村里長,桃園市平鎮區湧豐里,陳上建,無
村里長,桃園市平鎮區福林里,彭士益,台灣民眾黨
村里長,桃園市平鎮區金星里,程明泉,無
村里長,桃園市平鎮區華安里,王可仁,中國國民黨
村里長,桃園市平鎮區北華里,鄧爕墩,無
村里長,桃園市新屋區新屋里,徐智遠,無
村里長,桃園市新屋區新生里,彭煥鈿,無
村里長,桃園市新屋區頭洲里,姜歐秀美,無
村里長,桃園市新屋區埔頂里,李美玉,無
村里長,桃園市新屋區下田里,黃福禮,無
村里長,桃園市新屋區後庄里,姜吉隆,無
村里長,桃園市觀音區新興里,姜禮松,無
村里長,桃園市觀音區塔腳里,郭朝明,無
村里長,桃園市復興區三民里,薛榮裕,無
村里長,桃園市復興區澤仁里,陽國禎,無
村里長,桃園市復興區義盛里,王曉貞,無
村里長,臺中市中區大墩里,張文華,中國國民黨
村里長,臺中市中區柳川里,蔡翠碧,中國國民黨
村里長,臺中市中區大誠里,林志隆,中國國民黨
村里長,臺中市中區中華里,廖榮中,無
村里長,臺中市東區新庄里,洪宗毅,無
村里長,臺中市東區泉源里,羅文甫,無
村里長,臺中市東區樂成里,曾仁杰,無
村里長,臺中市東區十甲里,林昑照,無
村里長,臺中市東區東南里,王瑞發,中國國民黨
村里長,臺中市東區東勢里,張財良,中國國民黨
村里長,臺中市南區福平里,張啓龍,中國國民黨
村里長,臺中市南區樹德里,余銘記,無
村里長,臺中市南區西川里,葉家宏,無
村里長,臺中市南區長榮里,林政蒼,無
村里長,臺中市南區南和里,黃寶蓮,無
村里長,臺中市西區民生里,黃文濱,中國國民黨
村里長,臺中市西區三民里,廖吳芬芳,無
村里長,臺中市西區東昇里,徐耀鍾,無
村里長,臺中市西區廣民里,林水順,無
村里長,臺中市西區民龍里,吳國楨,中國國民黨
村里長,臺中市西區安龍里,賴梁松,無
村里長,臺中市西區昇平里,蕭行凱,無
村里長,臺中市西區忠明里,賴瑞滄,無
村里長,臺中市西區公益里,劉興峰,無
村里長,臺中市西區公平里,魏素眞,中國國民黨
村里長,臺中市西區大忠里,張智權,無
村里長,臺中市北區文莊里,劉継勇,中國國民黨
村里長,臺中市北區五常里,林玉惠,無
村里長,臺中市北區新興里,曹中萍,中國國民黨
村里長,臺中市北區新北里,陳信志,中國國民黨
村里長,臺中市北區金華里,蘇福安,無
村里長,臺中市北區邱厝里,高敏裕,無
村里長,臺中市北區建興里,王平河,無
村里長,臺中市北區頂厝里,呂理宗,無
村里長,臺中市北區健行里,何文宏,中國國民黨
村里長,臺中市北區明德里,林麗芬,無
村里長,臺中市北區賴興里,盧冬松,無
村里長,臺中市北區中正里,張陳美雲,無
村里長,臺中市北區六合里,陳豐誠,民主進步黨
村里長,臺中市北區錦平里,游金隆,無
村里長,臺中市北區崇德里,呂成地,無
村里長,臺中市北區明新里,洪平東,無
村里長,臺中市北區梅川里,賴家增,中國國民黨
村里長,臺中市北區賴福里,黃灑晴,中國國民黨
村里長,臺中市西屯區潮洋里,陳素貞,無
村里長,臺中市西屯區逢甲里,廖婉菁,無
村里長,臺中市西屯區何安里,何唐文鈴,無
村里長,臺中市西屯區何厝里,何劉美玲,無
村里長,臺中市西屯區大福里,高信增,中國國民黨
村里長,臺中市西屯區港尾里,楊忠義,無
村里長,臺中市西屯區廣福里,吳賢龍,無
村里長,臺中市西屯區何源里,彭琴安,中國國民黨
村里長,臺中市西屯區西平里,廖建森,中國國民黨
村里長,臺中市西屯區何南里,曹豐洋,無
村里長,臺中市西屯區至善里,鄭文昌,無
村里長,臺中市西屯區上德里,洪頊晿,無
村里長,臺中市西屯區何明里,趙淑妙,無
村里長,臺中市西屯區何成里,田貴玉,無
村里長,臺中市西屯區福聯里,馮進通,無
村里長,臺中市西屯區福瑞里,林添憶,中國國民黨
村里長,臺中市西屯區福雅里,王勝偉,中國國民黨
村里長,臺中市南屯區南屯里,林秋潭,中國國民黨
村里長,臺中市南屯區中和里,蔡德勇,無
村里長,臺中市南屯區三厝里,黃俊銘,民主進步黨
村里長,臺中市南屯區文心里,王國在,中國國民黨
村里長,臺中市南屯區向心里,蕭惠丰,無
村里長,臺中市南屯區大誠里,王宗裕,無
村里長,臺中市南屯區大業里,賴樹杉,無
村里長,臺中市南屯區惠中里,沈呈融,無
村里長,臺中市南屯區三和里,張家蓉,無
村里長,臺中市南屯區三義里,陳惠鈴,無
村里長,臺中市北屯區北屯里,歐真宗,無
村里長,臺中市北屯區三光里,林瑞芳,中國國民黨
村里長,臺中市北屯區東光里,賴文章,中國國民黨
村里長,臺中市北屯區水景里,何明坤,無
村里長,臺中市北屯區軍功里,黃銘河,無
村里長,臺中市北屯區東山里,邱財源,民主進步黨
村里長,臺中市北屯區民政里,黃明華,無
村里長,臺中市北屯區廍子里,董銘成,無
村里長,臺中市北屯區大坑里,曾朝瑝,無
村里長,臺中市北屯區仁和里,張永漢,中國國民黨
村里長,臺中市北屯區仁美里,朱清華,無
村里長,臺中市北屯區后庄里,張瓊月,中國國民黨
村里長,臺中市北屯區同榮里,王煌照,中國國民黨
村里長,臺中市北屯區水湳里,賴進堂,中國國民黨
村里長,臺中市北屯區陳平里,林家峯,中國國民黨
村里長,臺中市北屯區新平里,李良仁,中國國民黨
村里長,臺中市北屯區平順里,賴錫鏗,無
村里長,臺中市北屯區平德里,歐志隆,無
村里長,臺中市北屯區松茂里,何志恆,無
村里長,臺中市北屯區大德里,李必勝,中國國民黨
村里長,臺中市北屯區松勇里,王嘉君,中國國民黨
村里長,臺中市北屯區北京里,蘇乙青,無
村里長,臺中市北屯區平心里,陳文欽,無
村里長,臺中市北屯區平福里,張振治,無
村里長,臺中市北屯區松和里,賴天權,中國國民黨
村里長,臺中市北屯區平陽里,張連進,無
村里長,臺中市北屯區平昌里,劉慶雲,中國國民黨
村里長,臺中市北屯區三和里,許勝雄,無
村里長,臺中市北屯區忠平里,許秀蓉,中國國民黨
村里長,臺中市豐原區豐榮里,林金玉,無
村里長,臺中市豐原區富春里,陳麗鳳,無
村里長,臺中市豐原區東勢里,胡慧玲,無
村里長,臺中市豐原區中興里,魏丞章,無
村里長,臺中市豐原區南陽里,楊國勝,無
村里長,臺中市豐原區翁子里,連佳振,無
村里長,臺中市豐原區翁社里,吳安修,無
村里長,臺中市東勢區東安里,楊嘉裕,無
村里長,臺中市東勢區南平里,黃文茂,無
村里長,臺中市東勢區延平里,吳文龍,無
村里長,臺中市東勢區廣興里,廖紫台,無
村里長,臺中市東勢區隆興里,蘇清泉,無
村里長,臺中市東勢區上城里,張玉雲,無
村里長,臺中市東勢區下城里,劉海湖,無
村里長,臺中市東勢區慶福里,林金泉,無
村里長,臺中市東勢區茂興里,吳仁文,無
村里長,臺中市東勢區泰興里,江國豐,無
村里長,臺中市大甲區大甲里,黃勝裕,無
村里長,臺中市大甲區平安里,周寶惜,無
村里長,臺中市大甲區庄美里,魏李嫌,無
村里長,臺中市大甲區新美里,王生源,無
村里長,臺中市大甲區中山里,廖嘉佐,中國國民黨
村里長,臺中市大甲區南陽里,黃火塗,無
村里長,臺中市大甲區薰風里,王秋芬,無
村里長,臺中市大甲區文曲里,林寶彩,無
村里長,臺中市大甲區文武里,葉淑惠,民主進步黨
村里長,臺中市大甲區江南里,李文登,無
村里長,臺中市大甲區孟春里,黃湘榕,無
村里長,臺中市大甲區龍泉里,陳廷旺,無
村里長,臺中市大甲區西岐里,羅永宗,無
村里長,臺中市大甲區福德里,莊金波,無
村里長,臺中市清水區靈泉里,顏貽松,無
村里長,臺中市清水區南寧里,高志勇,無
村里長,臺中市清水區西寧里,王慶源,無
村里長,臺中市清水區北寧里,紀文來,中國國民黨
村里長,臺中市清水區中興里,蔡興達,無
村里長,臺中市清水區西社里,楊茂雄,無
村里長,臺中市清水區臨江里,洪敏哲,無
村里長,臺中市清水區海濱里,陳山林,無
村里長,臺中市清水區槺榔里,洪水家,無
村里長,臺中市清水區高西里,洪曜南,無
村里長,臺中市清水區高南里,楊忠銘,無
村里長,臺中市清水區高北里,白銀堂,無
村里長,臺中市清水區田寮里,許進興,無
村里長,臺中市清水區東山里,王偉權,無
村里長,臺中市清水區楊厝里,曾弘利,無
村里長,臺中市清水區海風里,黃堉睿,無
村里長,臺中市清水區吳厝里,吳水通,無
村里長,臺中市沙鹿區沙鹿里,蔡曉婷,無
村里長,臺中市沙鹿區美仁里,陳建良,無
村里長,臺中市沙鹿區犁分里,陳文宜,無
村里長,臺中市沙鹿區晉江里,李瑞珍,無
村里長,臺中市沙鹿區清泉里,蔡國欣,無
村里長,臺中市沙鹿區西勢里,蔡坤地,無
村里長,臺中市沙鹿區三鹿里,顏清通,無
村里長,臺中市梧棲區頂寮里,鐘金水,無
村里長,臺中市梧棲區中和里,林淑貞,無
村里長,臺中市梧棲區文化里,蔡傳枝,無
村里長,臺中市梧棲區安仁里,薛志富,無
村里長,臺中市梧棲區草湳里,林槐庭,無
村里長,臺中市梧棲區大村里,陳昆廷,無
村里長,臺中市梧棲區興農里,陳起益,無
村里長,臺中市梧棲區永寧里,李皆得,無
村里長,臺中市梧棲區永安里,王連松,無
村里長,臺中市后里區廣福里,郭明洲,中國國民黨
村里長,臺中市后里區厚里里,黃金益,無
村里長,臺中市后里區墩西里,紀廷芳,無
村里長,臺中市后里區墩南里,陳輝,無
村里長,臺中市后里區公館里,馮詠淮,無
村里長,臺中市后里區義德里,謝榮慶,無
村里長,臺中市神岡區神岡里,王百瀛,無
村里長,臺中市神岡區三角里,江炳煌,無
村里長,臺中市神岡區岸裡里,謝繼潭,無
村里長,臺中市神岡區溪洲里,王明洲,無
村里長,臺中市神岡區圳前里,陳木生,中國國民黨
村里長,臺中市神岡區山皮里,陳勝泧,民主進步黨
村里長,臺中市潭子區潭北里,林俊堂,無
村里長,臺中市潭子區頭家里,黃聖明,中國國民黨
村里長,臺中市潭子區甘蔗里,黃正堯,中國國民黨
村里長,臺中市潭子區大富里,林啓彬,無
村里長,臺中市潭子區嘉仁里,林瑞文,無
村里長,臺中市潭子區新田里,吳政潭,無
村里長,臺中市大雅區大雅里,李玲珍,無
村里長,臺中市大雅區橫山里,張聖河,無
村里長,臺中市大雅區三和里,廖顯彬,中國國民黨
村里長,臺中市大雅區西寶里,劉孝民,無
村里長,臺中市大雅區上楓里,鄧兆堂,無
村里長,臺中市大雅區四德里,呂啟勳,無
村里長,臺中市新社區復盛里,柯廷蓁,無
村里長,臺中市新社區中正里,張鳳梅,無
村里長,臺中市新社區月湖里,高清源,無
村里長,臺中市新社區協成里,王再興,無
村里長,臺中市新社區中和里,鄭文章,無
村里長,臺中市石岡區九房里,張鴻斌,民主進步黨
村里長,臺中市石岡區龍興里,黃清標,無
村里長,臺中市石岡區和盛里,何賴財桂,無
村里長,臺中市外埔區六分里,劉黃碧霞,無
村里長,臺中市外埔區大同里,林益年,無
村里長,臺中市外埔區馬鳴里,顏慶慰,無
村里長,臺中市大安區南埔里,林恭,無
村里長,臺中市大安區南庄里,陳炳煌,無
村里長,臺中市大安區中庄里,莊明堯,無
村里長,臺中市大安區福興里,林正岳,無
村里長,臺中市大安區東安里,黃為德,無
村里長,臺中市大安區海墘里,王勝宗,無
村里長,臺中市大安區西安里,紀木淵,無
村里長,臺中市烏日區三和里,楊添和,無
村里長,臺中市烏日區榮泉里,何聰智,無
村里長,臺中市烏日區前竹里,林東潭,無
村里長,臺中市烏日區光明里,賴信忠,無
村里長,臺中市烏日區北里里,魏周森,無
村里長,臺中市烏日區南里里,蔡敏陽,無
村里長,臺中市大肚區營埔里,楊宗吉,無
村里長,臺中市大肚區社腳里,陳榮銀,無
村里長,臺中市大肚區大東里,趙政忠,無
村里長,臺中市大肚區大肚里,陳銘潭,無
村里長,臺中市大肚區永和里,劉文芳,無
村里長,臺中市大肚區頂街里,陳武徹,無
村里長,臺中市大肚區自強里,林順安,中國國民黨
村里長,臺中市龍井區竹坑里,許麗珠,無
村里長,臺中市龍井區田中里,張文慶,無
村里長,臺中市龍井區龍津里,張坤雄,無
村里長,臺中市龍井區龍崗里,林朝清,無
村里長,臺中市龍井區新庄里,陳進爵,無
村里長,臺中市龍井區新東里,劉克俊,無
村里長,臺中市霧峰區錦榮里,張永昇,無
村里長,臺中市霧峰區四德里,紀天富,無
村里長,臺中市霧峰區五福里,陳岳彬,無
村里長,臺中市霧峰區萬豐里,林麗真,無
村里長,臺中市霧峰區舊正里,張國財,無
村里長,臺中市霧峰區六股里,王原祥,無
村里長,臺中市太平區中平里,林碧森,無
村里長,臺中市太平區中興里,林阿爐,無
村里長,臺中市太平區建國里,江德海,中國國民黨
村里長,臺中市太平區宜欣里,楊登圳,中國國民黨
村里長,臺中市太平區中山里,閻泰利,中國國民黨
村里長,臺中市太平區光華里,黃鐵騫,無
村里長,臺中市太平區新光里,游癸龍,無
村里長,臺中市太平區新福里,李子濬,無
村里長,臺中市太平區東汴里,呂坤龍,無
村里長,臺中市太平區光隆里,張雅芳,無
村里長,臺中市太平區黃竹里,林元成,無
村里長,臺中市太平區東和里,賴來旺,無
村里長,臺中市太平區中政里,林宗慶,無
村里長,臺中市太平區平安里,施秀彩,無
村里長,臺中市太平區建興里,胡長志,中國國民黨
村里長,臺中市太平區新高里,江姿樺,無
村里長,臺中市太平區宜佳里,張麗眞,無
村里長,臺中市太平區宜昌里,林進發,無
村里長,臺中市太平區光明里,胥樹文,中國國民黨
村里長,臺中市太平區豐年里,劉盈欣,無
村里長,臺中市太平區福隆里,黃楷能,無
村里長,臺中市大里區大里里,李錫全,無
村里長,臺中市大里區樹王里,陳俞樺,無
村里長,臺中市大里區日新里,顏子,無
村里長,臺中市大里區大元里,林瑞興,無
村里長,臺中市大里區夏田里,曾盛琪,無
村里長,臺中市大里區塗城里,黃仁耀,中國國民黨
村里長,臺中市大里區東湖里,何天祿,無
村里長,臺中市大里區西湖里,賴加彬,無
村里長,臺中市大里區國光里,魏益川,無
村里長,臺中市大里區仁德里,林志忠,無
村里長,臺南市新營區忠政里,程崑藤,中國國民黨
村里長,臺南市新營區大宏里,蔡崇名,中國國民黨
村里長,臺南市新營區中營里,蔡牧謙,無
村里長,臺南市新營區土庫里,林旭清,無
村里長,臺南市新營區興業里,蔡利發,無
村里長,臺南市新營區民生里,陳慶祥,無
村里長,臺南市新營區五興里,郭茂松,無
村里長,臺南市新營區姑爺里,王月順,無
村里長,臺南市新營區新北里,陳登山,無
村里長,臺南市新營區新南里,沈崑寶,無
村里長,臺南市新營區永平里,陳國安,無
村里長,臺南市鹽水區水秀里,顏秀盆,無
村里長,臺南市鹽水區歡雅里,趙榮其,無
村里長,臺南市鹽水區義中里,陳續賢,無
村里長,臺南市白河區永安里,葉辛芳,無
村里長,臺南市白河區外角里,盛偉崇,無
村里長,臺南市白河區崁頭里,陳惠君,無
村里長,臺南市白河區六溪里,鐘德銘,無
村里長,臺南市白河區大竹里,陳國禎,無
村里長,臺南市白河區昇安里,張春美,無
村里長,臺南市柳營區八翁里,林靜芳,無
村里長,臺南市柳營區重溪里,蔡明宏,無
村里長,臺南市柳營區神農里,蔡明燈,無
村里長,臺南市柳營區旭山里,張文獻,無
村里長,臺南市後壁區後壁里,陳志成,無
村里長,臺南市後壁區土溝里,林木己,無
村里長,臺南市後壁區新東里,徐育新,無
村里長,臺南市後壁區福安里,林明智,無
村里長,臺南市後壁區菁豐里,楊玉年,無
村里長,臺南市東山區東山里,卓睿杰,無
村里長,臺南市東山區東中里,蘇木武,無
村里長,臺南市東山區東正里,蘇明田,無
村里長,臺南市東山區三榮里,白進德,無
村里長,臺南市東山區大客里,楊蒼文,無
村里長,臺南市東山區南溪里,洪志忠,無
村里長,臺南市東山區東原里,葉孟亮,無
村里長,臺南市東山區嶺南里,陳慶銘,無
村里長,臺南市東山區高原里,羅献龍,無
村里長,臺南市麻豆區東角里,林釗洧,無
村里長,臺南市麻豆區晋江里,榮志強,無
村里長,臺南市麻豆區中興里,吳振和,無
村里長,臺南市麻豆區興農里,孫施秀蘭,無
村里長,臺南市麻豆區油車里,施福春,無
村里長,臺南市麻豆區埤頭里,李開通,無
村里長,臺南市麻豆區港尾里,蔡淑綢,無
村里長,臺南市麻豆區麻口里,鍾慧琴,無
村里長,臺南市麻豆區安正里,李勝忠,無
村里長,臺南市麻豆區井東里,王進文,無
村里長,臺南市麻豆區清水里,李勝平,無
村里長,臺南市下營區下營里,姜協成,無
村里長,臺南市下營區後街里,洪丙丁,無
村里長,臺南市下營區大吉里,李宗益,無
村里長,臺南市下營區紅甲里,顏榮泰,無
村里長,臺南市六甲區六甲里,李鴻榮,無
村里長,臺南市六甲區甲南里,劉國賢,無
村里長,臺南市六甲區七甲里,蔡淵湶,無
村里長,臺南市六甲區水林里,李宗霖,無
村里長,臺南市官田區二鎮里,陳麒麟,無
村里長,臺南市官田區隆本里,陳果生,無
村里長,臺南市官田區烏山頭里,胡宏孟,無
村里長,臺南市大內區石湖里,陳燕姿,無
村里長,臺南市大內區石林里,楊士人,無
村里長,臺南市大內區內江里,陳俊佑,無
村里長,臺南市大內區環湖里,陳義男,無
村里長,臺南市大內區曲溪里,楊春寶,無
村里長,臺南市佳里區忠仁里,楊林錦鴦,無
村里長,臺南市佳里區鎮山里,陳信祿,無
村里長,臺南市佳里區六安里,林佩玲,無
村里長,臺南市佳里區佳化里,張清水,無
村里長,臺南市佳里區子龍里,謝清安,無
村里長,臺南市佳里區營溪里,莊榮堯,無
村里長,臺南市學甲區仁得里,林嘉雄,無
村里長,臺南市學甲區光華里,邱益在,無
村里長,臺南市學甲區秀昌里,謝金雀,無
村里長,臺南市學甲區豐和里,賴清田,無
村里長,臺南市學甲區平和里,陳學先,無
村里長,臺南市學甲區新達里,陳敏男,無
村里長,臺南市學甲區大灣里,王登教,無
村里長,臺南市學甲區中洲里,林清發,無
村里長,臺南市西港區西港里,徐國安,無
村里長,臺南市西港區南海里,黃光暉,無
村里長,臺南市西港區港東里,方郭秀雲,無
村里長,臺南市西港區,謝文賢,無
村里長,臺南市西港區營西里,方世雄,無
村里長,臺南市西港區金砂里,黃金清,無
村里長,臺南市西港區永樂里,郭吉山,無
村里長,臺南市西港區新復里,黃國文,無
村里長,臺南市西港區慶安里,吳明欽,無
村里長,臺南市七股區西寮里,柯勝强,無
村里長,臺南市七股區龍山里,王文財,無
村里長,臺南市七股區七股里,黃進士,無
村里長,臺南市七股區玉成里,陳國慶,無
村里長,臺南市七股區樹林里,黃寶田,無
村里長,臺南市七股區中寮里,許全田,無
村里長,臺南市七股區竹橋里,郭信忠,無
村里長,臺南市七股區義合里,黃文乾,無
村里長,臺南市七股區永吉里,莊弘松,無
村里長,臺南市七股區三股里,黃仙立,無
村里長,臺南市將軍區廣山里,吳泰源,無
村里長,臺南市將軍區長沙里,,無
村里長,臺南市將軍區平沙里,吳志凱,無
村里長,臺南市北門區雙春里,李連興,無
村里長,臺南市北門區文山里,李英信,無
村里長,臺南市新化區護國里,張國能,無
村里長,臺南市新化區太平里,李朝勝,無
村里長,臺南市新化區唪口里,蔡福成,無
村里長,臺南市新化區北勢里,鄭國正,無
村里長,臺南市新化區全興里,林慶隆,無
村里長,臺南市新化區崙頂里,林水鮫,無
村里長,臺南市新化區知義里,張嘉榮,無
村里長,臺南市新化區山脚里,林和村,無
村里長,臺南市新化區𦰡拔里,李瑞雄,無
村里長,臺南市新化區羊林里,黃啟展,無
村里長,臺南市新化區礁坑里,羅萬來,無
村里長,臺南市善化區東關里,張芳睿,無
村里長,臺南市善化區文昌里,李立先,無
村里長,臺南市善化區南關里,許義方,無
村里長,臺南市善化區文正里,胡志賢,無
村里長,臺南市善化區胡家里,陳彥宏,無
村里長,臺南市善化區胡厝里,陳順隆,無
村里長,臺南市善化區什乃里,王榮勳,無
村里長,臺南市善化區溪美里,李志明,無
村里長,臺南市善化區嘉南里,林儀伍,無
村里長,臺南市善化區昌隆里,蘇茂榕,無
村里長,臺南市善化區蓮潭里,陳紫晶,無
村里長,臺南市新市區新市里,鄭明堂,無
村里長,臺南市新市區新和里,李富文,無
村里長,臺南市安定區港尾里,鄭道隆,無
村里長,臺南市安定區中沙里,王猷欽,無
村里長,臺南市安定區海寮里,王昭彬,無
村里長,臺南市安定區文科里,蕭瑞興,無
村里長,臺南市山上區南洲里,李振家,無
村里長,臺南市玉井區玉井里,葉俊甫,無
村里長,臺南市玉井區中正里,王清風,無
村里長,臺南市玉井區竹圍里,劉木圍,無
村里長,臺南市玉井區三埔里,陳金敏,無
村里長,臺南市玉井區三和里,李寶雄,無
村里長,臺南市玉井區望明里,李麗華,無
村里長,臺南市楠西區楠西里,劉富誠,無
村里長,臺南市楠西區照興里,江森原,無
村里長,臺南市楠西區東勢里,張事民,無
村里長,臺南市南化區小崙里,張毓仁,無
村里長,臺南市南化區北平里,洪明石,無
村里長,臺南市南化區北寮里,李坤童,無
村里長,臺南市南化區玉山里,邱永霖,無
村里長,臺南市南化區關山里,謝國男,無
村里長,臺南市左鎮區澄山里,穆宏男,無
村里長,臺南市左鎮區二寮里,楊來枝,無
村里長,臺南市仁德區土庫里,黃富建,無
村里長,臺南市仁德區一甲里,楊富田,無
村里長,臺南市仁德區成功里,鄭晴而,無
村里長,臺南市仁德區仁愛里,張台昇,無
村里長,臺南市仁德區二行里,吳忠慶,無
村里長,臺南市仁德區中洲里,葉清仁,無
村里長,臺南市仁德區文賢里,林江溪,無
村里長,臺南市歸仁區後市里,張文義,無
村里長,臺南市歸仁區辜厝里,陳朝騫,無
村里長,臺南市歸仁區看西里,楊專成,無
村里長,臺南市歸仁區看東里,王正慎,無
村里長,臺南市歸仁區崙頂里,徐進德,無
村里長,臺南市歸仁區沙崙里,李明山,無
村里長,臺南市歸仁區武東里,劉延欽,無
村里長,臺南市歸仁區八甲里,黃國勛,無
村里長,臺南市歸仁區媽廟里,張宏志,無
村里長,臺南市歸仁區南興里,朱璟漢,無
村里長,臺南市歸仁區歸南里,吳忠霖,無
村里長,臺南市關廟區關廟里,楊宗輝,無
村里長,臺南市關廟區山西里,楊啓賢,無
村里長,臺南市關廟區北勢里,郭水道,無
村里長,臺南市關廟區新光里,黃瑞池,無
村里長,臺南市關廟區東勢里,方耀南,無
村里長,臺南市關廟區布袋里,陳龍目,無
村里長,臺南市關廟區埤頭里,許文進,無
村里長,臺南市龍崎區土崎里,林宏忠,無
村里長,臺南市龍崎區中坑里,陳茂全,無
村里長,臺南市龍崎區楠坑里,洪坤木,無
村里長,臺南市永康區王行里,陳丁為,無
村里長,臺南市永康區三民里,陳和志,無
村里長,臺南市永康區甲頂里,吳和祥,民主進步黨
村里長,臺南市永康區大灣里,鄭文義,無
村里長,臺南市永康區南灣里,詹瑞美,無
村里長,臺南市永康區新樹里,陳日祥,無
村里長,臺南市永康區神洲里,歐煌崇,無
村里長,臺南市永康區光復里,蔡金山,無
村里長,臺南市永康區塩洲里,毛三宝,無
村里長,臺南市永康區北興里,鄭文生,無
村里長,臺南市永康區永明里,吳深濤,無
村里長,臺南市東區富裕里,董進龍,無
村里長,臺南市東區裕農里,陳良濱,中國國民黨
村里長,臺南市東區崇學里,陳長提,中國國民黨
村里長,臺南市東區泉南里,洪孟甫,中國國民黨
村里長,臺南市東區東安里,吳參賢,中國國民黨
村里長,臺南市東區路東里,楊華珍,無
村里長,臺南市東區圍下里,石桂霖,無
村里長,臺南市東區大學里,黄荀武,中國國民黨
村里長,臺南市東區龍山里,許福銘,無
村里長,臺南市東區虎尾里,李泓嶢,無
村里長,臺南市東區大福里,陳錦秀,民主進步黨
村里長,臺南市東區崇德里,陳福來,中國國民黨
村里長,臺南市東區崇成里,陳文進,中國國民黨
村里長,臺南市東區德光里,曾國全,中國國民黨
村里長,臺南市東區崇信里,葉輝宏,無
村里長,臺南市南區明德里,陳瑞華,中國國民黨
村里長,臺南市南區大成里,鄭宏源,無
村里長,臺南市南區廣州里,許林麗玉,無
村里長,臺南市南區新昌里,郭志興,無
村里長,臺南市南區新興里,邱志初,民主進步黨
村里長,臺南市南區光明里,黃榮籐,無
村里長,臺南市南區喜東里,蔡祠重,無
村里長,臺南市南區喜北里,林鴻儒,無
村里長,臺南市南區喜南里,曹和田,無
村里長,臺南市南區省躬里,杜枝文,無
村里長,臺南市南區興農里,段美珠,無
村里長,臺南市南區大林里,劉相明,無
村里長,臺南市南區大忠里,許智雄,無
村里長,臺南市南區大恩里,施國熙,無
村里長,臺南市南區文華里,李秉樺,無
村里長,臺南市南區金華里,柯崑城,無
村里長,臺南市南區開南里,梁坤財,無
村里長,臺南市南區彰南里,吳明達,無
村里長,臺南市南區文南里,陳清泉,無
村里長,臺南市南區永寧里,王育貞,無
村里長,臺南市北區東興里,王泉尚,無
村里長,臺南市北區大豐里,余禮南,無
村里長,臺南市北區正覺里,吳銅吉,民主進步黨
村里長,臺南市北區成功里,鄭景元,民主進步黨
村里長,臺南市北區大港里,黃良賢,無
村里長,臺南市北區中樓里,楊政衡,中國國民黨
村里長,臺南市北區大和里,陳美惠,無
村里長,臺南市北區賢北里,黃富得,無
村里長,臺南市北區合興里,吳承芳,無
村里長,臺南市北區大興里,黃文宗,無
村里長,臺南市北區元美里,侯喬蓁,民主進步黨
村里長,臺南市安南區州北里,康瀚仁,無
村里長,臺南市安南區安東里,吳金城,民主進步黨
村里長,臺南市安南區頂安里,吳勝智,無
村里長,臺南市安南區原佃里,莊國隆,無
村里長,臺南市安南區公親里,王金樹,無
村里長,臺南市安南區海東里,郭東勛,無
村里長,臺南市安南區溪心里,劉澤民,無
村里長,臺南市安南區塩田里,朱小蓮,無
村里長,臺南市安南區佃東里,程全祿,無
村里長,臺南市安南區城東里,郭峻民,無
村里長,臺南市安南區溪北里,王東從,無
村里長,臺南市安南區溪東里,林清遙,無
村里長,臺南市安南區淵中里,吳孟忠,無
村里長,臺南市安南區媽祖宮里,林志英,無
村里長,臺南市安平區漁光里,林寧峰,無
村里長,臺南市安平區文平里,李瑞福,民主進步黨
村里長,臺南市安平區億載里,鄭聰維,無
村里長,臺南市安平區平安里,蔡陳阿麗,無
村里長,臺南市安平區天妃里,周明財,無
村里長,臺南市安平區王城里,黃景星,民主進步黨
村里長,臺南市中西區郡王里,陳建宇,無
村里長,臺南市中西區法華里,吳育融,無
村里長,臺南市中西區開山里,呂基正,無
村里長,臺南市中西區永華里,鄭雀燕,無
村里長,臺南市中西區光賢里,洪金安,無
村里長,臺南市中西區城隍里,曾景亮,無
村里長,臺南市中西區南美里,曾朝欽,中國國民黨
村里長,臺南市中西區南門里,蘇雅子,中國國民黨
村里長,高雄市鹽埕區中山里,易明忠,無
村里長,高雄市鹽埕區育仁里,葛有力,無
村里長,高雄市鹽埕區河濱里,林德松,無
村里長,高雄市鹽埕區南端里,陳清標,無
村里長,高雄市鹽埕區江西里,鄭錫國,無
村里長,高雄市鹽埕區江南里,蔡德龍,民主進步黨
村里長,高雄市鼓山區鼓峰里,麥克士,中國國民黨
村里長,高雄市鼓山區前峰里,盧明惠,中國國民黨
村里長,高雄市鼓山區民族里,朱春木,中國國民黨
村里長,高雄市鼓山區內惟里,林進發,無
村里長,高雄市鼓山區忠正里,洪吉祥,無
村里長,高雄市鼓山區自強里,方紹義,中國國民黨
村里長,高雄市鼓山區正德里,朱榮俊,中國國民黨
村里長,高雄市鼓山區平和里,陳玉芳,民主進步黨
村里長,高雄市鼓山區裕豐里,周恆功,中國國民黨
村里長,高雄市鼓山區鼓岩里,方國智,無
村里長,高雄市鼓山區樹德里,黃武田,無
村里長,高雄市鼓山區寶樹里,王登科,無
村里長,高雄市鼓山區興宗里,楊孟翰,無
村里長,高雄市鼓山區登山里,許永堃,無
村里長,高雄市鼓山區峰南里,王宋金花,中國國民黨
村里長,高雄市鼓山區麗興里,王志斌,無
村里長,高雄市鼓山區維生里,董錦昌,無
村里長,高雄市鼓山區惠安里,洪進成,無
村里長,高雄市鼓山區壽山里,陳進興,民主進步黨
村里長,高雄市左營區尾西里,郭錦彬,無
村里長,高雄市左營區中北里,謝瑞真,無
村里長,高雄市左營區中南里,蔣金守,無
村里長,高雄市左營區廟東里,謝惠娟,無
村里長,高雄市左營區尾南里,余建明,無
村里長,高雄市左營區永清里,郭鎮國,中國國民黨
村里長,高雄市左營區明建里,顏靜玉,無
村里長,高雄市左營區聖后里,裴天成,無
村里長,高雄市左營區聖南里,陳勇利,無
村里長,高雄市左營區城南里,謝金得,無
村里長,高雄市左營區路東里,黃秀綢,無
村里長,高雄市左營區廍南里,陳美惠,無
村里長,高雄市左營區埤西里,余清榮,無
村里長,高雄市左營區海勝里,梁西榮,中國國民黨
村里長,高雄市左營區果峰里,曾瑞水,中國國民黨
村里長,高雄市左營區新下里,黃慶德,中國國民黨
村里長,高雄市左營區新中里,黃昱誌,無
村里長,高雄市楠梓區五常里,曾榮璋,無
村里長,高雄市楠梓區享平里,陳顯能,無
村里長,高雄市楠梓區金田里,邱世宗,無
村里長,高雄市楠梓區瑞屏里,郭進和,無
村里長,高雄市楠梓區宏毅里,馮靖絨,無
村里長,高雄市楠梓區大昌里,戴嘉育,中國國民黨
村里長,高雄市楠梓區福昌里,張育綺,無
村里長,高雄市楠梓區建昌里,曾讚義,中國國民黨
村里長,高雄市楠梓區仁昌里,王永坤,中國國民黨
村里長,高雄市楠梓區中興里,黃朝吉,無
村里長,高雄市三民區鼎金里,高豐麟,無
村里長,高雄市三民區鼎力里,沈巽榮,無
村里長,高雄市三民區鼎西里,姚素眞,民主進步黨
村里長,高雄市三民區鼎中里,李水發,無
村里長,高雄市三民區鼎泰里,張吉雄,無
村里長,高雄市三民區本館里,簡明鎮,無
村里長,高雄市三民區本和里,陳文旗,無
村里長,高雄市三民區寶獅里,林昆明,無
村里長,高雄市三民區寶華里,李清樺,無
村里長,高雄市三民區寶民里,陳詩椿,無
村里長,高雄市三民區寶業里,林煥然,民主進步黨
村里長,高雄市三民區寶龍里,黃美琴,無
村里長,高雄市三民區灣勝里,陳金櫃,民主進步黨
村里長,高雄市三民區灣復里,吳國清,無
村里長,高雄市三民區安寧里,郭海定,民主進步黨
村里長,高雄市三民區安和里,傅秋陽,民主進步黨
村里長,高雄市三民區達德里,陳國枝,無
村里長,高雄市三民區達明里,張簡王玉珠,民主進步黨
村里長,高雄市三民區德仁里,袁碧嬌,民主進步黨
村里長,高雄市三民區德東里,許玉秀,無
村里長,高雄市三民區立誠里,陳永進,中國國民黨
村里長,高雄市三民區立業里,陳姵羽,無
村里長,高雄市三民區港東里,張士賢,無
村里長,高雄市三民區港西里,閩興傳,民主進步黨
村里長,高雄市三民區博愛里,鍾秋美,無
村里長,高雄市三民區建東里,陳建藏,無
村里長,高雄市三民區鳳北里,鄭健村,無
村里長,高雄市三民區川東里,李明海,無
村里長,高雄市三民區千歲里,許婉羚,無
村里長,高雄市新興區浩然里,張榮源,中國國民黨
村里長,高雄市新興區德生里,吳三雄,民主進步黨
村里長,高雄市新興區正氣里,沈玉玲,無
村里長,高雄市新興區德政里,謝國男,無
村里長,高雄市新興區仁聲里,蕭育霞,無
村里長,高雄市新興區德望里,林郭麗玉,無
村里長,高雄市新興區華聲里,林禮志,無
村里長,高雄市新興區玉衡里,蔡瑞彬,無
村里長,高雄市新興區興昌里,黃少嫻,無
村里長,高雄市新興區開平里,陳朝居,無
村里長,高雄市新興區新江里,王金龍,無
村里長,高雄市新興區黎明里,許耀科,民主進步黨
村里長,高雄市新興區愛平里,高文龍,無
村里長,高雄市新興區南港里,陳福明,民主進步黨
村里長,高雄市新興區中東里,林明雄,無
村里長,高雄市新興區明莊里,莊其章,無
村里長,高雄市新興區大明里,徐慶宗,民主進步黨
村里長,高雄市新興區秋山里,許吳瑞珍,無
村里長,高雄市新興區長驛里,葉智陽,無
村里長,高雄市新興區建興里,薛富升,民主進步黨
村里長,高雄市新興區建華里,吳文欽,無
村里長,高雄市前金區草江里,陳振琦,無
村里長,高雄市前金區東金里,謝仲箎,無
村里長,高雄市前金區新生里,康文展,無
村里長,高雄市前金區後金里,施孟均,無
村里長,高雄市前金區長興里,白宗正,無
村里長,高雄市前金區社西里,薛寶琴,無
村里長,高雄市前金區長生里,陳宗佐,無
村里長,高雄市前金區榮復里,顏炳豪,無
村里長,高雄市前金區文西里,賴勇村,無
村里長,高雄市苓雅區博仁里,陳奇伯,中國國民黨
村里長,高雄市苓雅區苓洲里,吳弘宜,中國國民黨
村里長,高雄市苓雅區城西里,朱育賢,無
村里長,高雄市苓雅區意誠里,蕭長保,中國國民黨
村里長,高雄市苓雅區鼓中里,郭明鴻,無
村里長,高雄市苓雅區田西里,郭國民,中國國民黨
村里長,高雄市苓雅區人和里,林志田,民主進步黨
村里長,高雄市苓雅區仁政里,黃裕庭,無
村里長,高雄市苓雅區美田里,吳金對,無
村里長,高雄市苓雅區華堂里,曾興德,無
村里長,高雄市苓雅區林富里,林進安,無
村里長,高雄市苓雅區林安里,張列綱,無
村里長,高雄市苓雅區光華里,吳照鉠,民主進步黨
村里長,高雄市苓雅區林興里,黃培裕,民主進步黨
村里長,高雄市苓雅區林南里,黃旭煌,無
村里長,高雄市苓雅區中正里,胡維成,中國國民黨
村里長,高雄市苓雅區尚義里,曾蔡玉燕,中國國民黨
村里長,高雄市苓雅區同慶里,高文明,無
村里長,高雄市苓雅區凱旋里,錢雲徽,中國國民黨
村里長,高雄市苓雅區奏捷里,林豐富,民主進步黨
村里長,高雄市苓雅區福壽里,郭寬洲,民主進步黨
村里長,高雄市苓雅區民主里,陳文程,無
村里長,高雄市苓雅區林德里,翁正財,無
村里長,高雄市苓雅區林榮里,王文祿,無
村里長,高雄市苓雅區福隆里,郭彌堅,民主進步黨
村里長,高雄市苓雅區福祥里,劉榮福,民主進步黨
村里長,高雄市苓雅區福西里,黃正德,無
村里長,高雄市苓雅區正文里,莊文忠,無
村里長,高雄市苓雅區正道里,楊舜堡,無
村里長,高雄市苓雅區正義里,劉銀連,中國國民黨
村里長,高雄市苓雅區衛武里,邱秀迷,無
村里長,高雄市前鎮區草衙里,李忠正,無
村里長,高雄市前鎮區平等里,施長欽,民主進步黨
村里長,高雄市前鎮區平昌里,高琅璋,民主進步黨
村里長,高雄市前鎮區明禮里,莊志明,民主進步黨
村里長,高雄市前鎮區信德里,李竣帆,無
村里長,高雄市前鎮區興化里,朱蘇來蔭,無
村里長,高雄市前鎮區鎮東里,蔡川士,無
村里長,高雄市前鎮區鎮榮里,黃士誠,民主進步黨
村里長,高雄市前鎮區鎮北里,許昭褔,無
村里長,高雄市前鎮區忠誠里,吳安美,中國國民黨
村里長,高雄市前鎮區民權里,吳政昇,無
村里長,高雄市前鎮區良和里,陳瑞銓,中國國民黨
村里長,高雄市前鎮區盛豐里,王志濱,無
村里長,高雄市前鎮區興中里,狄金山,中國國民黨
村里長,高雄市前鎮區興東里,陳建銘,無
村里長,高雄市前鎮區復國里,呂建霖,民主進步黨
村里長,高雄市前鎮區竹東里,李春桂,無
村里長,高雄市前鎮區竹西里,林金良,無
村里長,高雄市前鎮區瑞竹里,許益彰,無
村里長,高雄市前鎮區瑞東里,許振稽,民主進步黨
村里長,高雄市前鎮區瑞華里,蘇榮隆,無
村里長,高雄市旗津區永安里,黃修和,無
村里長,高雄市旗津區振興里,黃見益,無
村里長,高雄市旗津區復興里,張順皇,無
村里長,高雄市小港區港正里,方林秀娥,無
村里長,高雄市小港區港墘里,吳文德,無
村里長,高雄市小港區港明里,李文正,無
村里長,高雄市小港區港后里,柯文世,民主進步黨
村里長,高雄市小港區港興里,歐慧玲,民主進步黨
村里長,高雄市小港區鳳宮里,曾清全,無
村里長,高雄市小港區青島里,戴又媛,中國國民黨
村里長,高雄市小港區松金里,沈添福,無
村里長,高雄市小港區大坪里,梁正義,無
村里長,高雄市小港區龍鳳里,黃文裕,無
村里長,高雄市小港區鳳興里,洪富賢,無
村里長,高雄市小港區鳳源里,張宇讚,無
村里長,高雄市鳳山區成功里,鄭美玉,無
村里長,高雄市鳳山區光明里,王俊富,無
村里長,高雄市鳳山區興中里,林天財,中國國民黨
村里長,高雄市鳳山區南興里,廖春花,無
村里長,高雄市鳳山區和德里,吳金池,無
村里長,高雄市鳳山區鳳崗里,董錦慧,中國國民黨
村里長,高雄市鳳山區鎮北里,趙志成,無
村里長,高雄市鳳山區縣衙里,王鈴雅,中國國民黨
村里長,高雄市鳳山區文英里,鄭鴻章,無
村里長,高雄市鳳山區鎮東里,張簡裕芳,無
村里長,高雄市鳳山區埤頂里,謝順和,無
村里長,高雄市鳳山區誠義里,劉啓芳,中國國民黨
村里長,高雄市鳳山區新興里,郭傅美金,無
村里長,高雄市鳳山區忠誠里,陳永壽,無
村里長,高雄市鳳山區瑞興里,王玉蘭,中國國民黨
村里長,高雄市鳳山區國光里,呂岳霖,無
村里長,高雄市鳳山區國隆里,呂富貴,無
村里長,高雄市鳳山區文德里,謝智華,無
村里長,高雄市鳳山區興仁里,林曾桂花,無
村里長,高雄市鳳山區生明里,郭清竹,中國國民黨
村里長,高雄市鳳山區協和里,羅美滿,無
村里長,高雄市鳳山區文山里,黃惠玲,民主進步黨
村里長,高雄市鳳山區福誠里,許德發,民主進步黨
村里長,高雄市鳳山區三民里,黃榮貴,無
村里長,高雄市鳳山區北門里,謝秀霞,民主進步黨
村里長,高雄市鳳山區富甲里,王筱銜,無
村里長,高雄市鳳山區南成里,楊居財,無
村里長,高雄市鳳山區文華里,張嘉玲,無
村里長,高雄市鳳山區文福里,余世善,無
村里長,高雄市鳳山區誠信里,蔡自謄,中國國民黨
村里長,高雄市鳳山區新樂里,李滋宏,民主進步黨
村里長,高雄市林園區溪州里,黃國輝,無
村里長,高雄市林園區潭頭里,劉建德,無
村里長,高雄市林園區頂厝里,陳碧對,無
村里長,高雄市林園區西溪里,李文通,無
村里長,高雄市林園區港嘴里,蔡明興,無
村里長,高雄市林園區王公里,洪進財,無
村里長,高雄市林園區龔厝里,龔芳生,無
村里長,高雄市林園區東汕里,王福成,中國國民黨
村里長,高雄市林園區西汕里,邱鐘城,無
村里長,高雄市林園區文賢里,黃三源,無
村里長,高雄市林園區五福里,洪月珍,無
村里長,高雄市大寮區拷潭里,董鳳松,民主進步黨
村里長,高雄市大寮區義仁里,許明得,無
村里長,高雄市大寮區江山里,許世川,無
村里長,高雄市大樹區竹寮里,鄭榕華,無
村里長,高雄市大樹區九曲里,潘德勝,中國國民黨
村里長,高雄市大樹區久堂里,張勝鋒,中國國民黨
村里長,高雄市大樹區水寮里,史榮瑞,無
村里長,高雄市大樹區興山里,尹平成,無
村里長,高雄市大樹區和山里,吳順治,無
村里長,高雄市大樹區大坑里,吳進雄,無
村里長,高雄市大樹區小坪里,郭秀密,無
村里長,高雄市大樹區龍目里,陳榮清,無
村里長,高雄市大樹區興田里,曾金益,中國國民黨
村里長,高雄市大樹區統嶺里,許瑞楠,無
村里長,高雄市大社區嘉誠里,侯景耀,無
村里長,高雄市大社區中里里,李旭仁,無
村里長,高雄市大社區保安里,林義萬,民主進步黨
村里長,高雄市仁武區灣內里,鄭文輝,民主進步黨
村里長,高雄市仁武區仁福里,朱興,無
村里長,高雄市仁武區仁武里,劉俊彥,無
村里長,高雄市仁武區高楠里,李志能,無
村里長,高雄市鳥松區夢裡里,陳萬丁,無
村里長,高雄市鳥松區大竹里,蔡榮瑞,無
村里長,高雄市岡山區壽天里,莊証州,無
村里長,高雄市岡山區和平里,葉春蘭,無
村里長,高雄市岡山區前峰里,蔡佩玲,無
村里長,高雄市岡山區協和里,呂煌龍,無
村里長,高雄市岡山區潭底里,陳勝傑,無
村里長,高雄市岡山區台上里,李金本,無
村里長,高雄市岡山區灣裡里,林仁傑,無
村里長,高雄市岡山區石潭里,廖壹正,無
村里長,高雄市岡山區壽峰里,李美麗,無
村里長,高雄市岡山區仁義里,顏茂吉,無
村里長,高雄市橋頭區橋南里,蘇道明,無
村里長,高雄市橋頭區東林里,陸見青,無
村里長,高雄市橋頭區西林里,吳建豐,無
村里長,高雄市橋頭區甲南里,方明賢,無
村里長,高雄市橋頭區頂鹽里,顏家進,無
村里長,高雄市橋頭區仕和里,朱高成,無
村里長,高雄市燕巢區尖山里,何旭信,無
村里長,高雄市燕巢區鳳雄里,陳明發,無
村里長,高雄市燕巢區東燕里,吳振武,無
村里長,高雄市燕巢區西燕里,李秀英,無
村里長,高雄市田寮區田寮里,連于萱,無
村里長,高雄市田寮區崇德里,陳金城,無
村里長,高雄市田寮區西德里,黃萬春,無
村里長,高雄市田寮區三和里,林正春,無
村里長,高雄市田寮區新興里,何百農,無
村里長,高雄市阿蓮區峯山里,鄭鴻哖,無
村里長,高雄市阿蓮區崗山里,吳尚儒,無
村里長,高雄市阿蓮區青旗里,陳文曉,無
村里長,高雄市阿蓮區復安里,何榮華,中國國民黨
村里長,高雄市阿蓮區玉庫里,鄭明聰,無
村里長,高雄市阿蓮區南蓮里,林首相,無
村里長,高雄市路竹區竹滬里,劉崑芳,無
村里長,高雄市路竹區後鄉里,金宜頵,無
村里長,高雄市路竹區社西里,馬旭來,無
村里長,高雄市路竹區竹園里,辛瑞賢,無
村里長,高雄市路竹區鴨寮里,蘇清吉,無
村里長,高雄市湖內區海山里,劉寶霞,無
村里長,高雄市湖內區葉厝里,葉進昌,無
村里長,高雄市湖內區田尾里,謝秋影,無
村里長,高雄市湖內區逸賢里,林秀卿,無
村里長,高雄市湖內區忠興里,邱韋能,無
村里長,高雄市湖內區湖東里,黃太平,無
村里長,高雄市茄萣區萬福里,蘇永南,無
村里長,高雄市茄萣區嘉賜里,葉宏信,民主進步黨
村里長,高雄市茄萣區嘉安里,林陳麗雯,無
村里長,高雄市茄萣區保定里,郭淑芬,無
村里長,高雄市茄萣區和協里,吳進發,無
村里長,高雄市茄萣區崎漏里,邱美麗,無
村里長,高雄市永安區鹽田里,柯男烈,無
村里長,高雄市彌陀區光和里,林清火,無
村里長,高雄市彌陀區彌壽里,吳義雄,無
村里長,高雄市彌陀區過港里,張金長,無
村里長,高雄市彌陀區漯底里,孫萬賜,無
村里長,高雄市梓官區梓和里,姜志豪,無
村里長,高雄市梓官區赤崁里,蔡良鑑,中國國民黨
村里長,高雄市梓官區同安里,蔣榮三,無
村里長,高雄市梓官區赤西里,劉英凱,無
村里長,高雄市梓官區典寶里,洪文清,無
村里長,高雄市旗山區湄洲里,陳聖允,民主進步黨
村里長,高雄市旗山區上洲里,柯瑞斌,無
村里長,高雄市旗山區新光里,陳峯翔,無
村里長,高雄市旗山區中寮里,洪萬祥,無
村里長,高雄市旗山區東昌里,邱清郎,無
村里長,高雄市美濃區龍山里,温源興,無
村里長,高雄市美濃區廣林里,傅兆鎮,無
村里長,高雄市六龜區新寮里,朱玉雲,無
村里長,高雄市六龜區新發里,劉俊麟,無
村里長,高雄市六龜區興龍里,張榮華,無
村里長,高雄市甲仙區東安里,游新儀,中國國民黨
村里長,高雄市甲仙區西安里,范姮枝,中國國民黨
村里長,高雄市甲仙區和安里,李新福,中國國民黨
村里長,高雄市甲仙區寶隆里,連英朱,無
村里長,高雄市杉林區木梓里,林同德,無
村里長,高雄市內門區永富里,蒙勝南,無
村里長,高雄市內門區內門里,蔡瓊鳳,無
村里長,高雄市內門區內豊里,龔飛盛,無
村里長,高雄市內門區觀亭里,許志芳,無
村里長,高雄市內門區內南里,沈芳昌,無
村里長,高雄市茂林區萬山里,蔡正男,無
村里長,高雄市桃源區桃源里,高慕源,無
村里長,高雄市桃源區勤和里,曾江清水,無
村里長,高雄市那瑪夏區達卡努瓦里,朱子亮,無
村里長,新竹縣竹北市鹿場里,范光仁,無
村里長,新竹縣竹北市東平里,林顥峰,無
村里長,新竹縣竹北市隘口里,林洪文,無
村里長,新竹縣竹北市竹北里,李麗惠,無
村里長,新竹縣竹北市竹仁里,劉堂隆,無
村里長,新竹縣竹北市麻園里,許榮生,無
村里長,新竹縣竹北市新港里,戴章興,無
村里長,新竹縣竹北市尚義里,曾福,無
村里長,新竹縣竹北市新國里,吳勝隆,無
村里長,新竹縣竹北市福德里,曾文忠,無
村里長,新竹縣竹北市東興里,龍春廣,無
村里長,新竹縣竹北市北興里,田慶順,無
村里長,新竹縣竹北市文化里,謝棋鈞,無
村里長,新竹縣竹東鎮瑞峰里,彭康麟,無
村里長,新竹縣竹東鎮軟橋里,林德源,無
村里長,新竹縣竹東鎮員崠里,王瀚立,無
村里長,新竹縣竹東鎮東寧里,彭立傑,無
村里長,新竹縣竹東鎮商華里,鍾宏達,無
村里長,新竹縣竹東鎮竹東里,彭永淦,無
村里長,新竹縣竹東鎮鷄林里,賴運土,無
村里長,新竹縣竹東鎮柯湖里,呂建宏,中國國民黨
村里長,新竹縣竹東鎮中山里,孫光政,無
村里長,新竹縣竹東鎮忠孝里,吳錦忠,無
村里長,新竹縣竹東鎮陸豐里,呂學清,無
村里長,新竹縣新埔鎮寶石里,鄧世雲,無
村里長,新竹縣新埔鎮旱坑里,葉雲全,無
村里長,新竹縣新埔鎮新民里,吳桂香,無
村里長,新竹縣新埔鎮上寮里,劉德文,無
村里長,新竹縣新埔鎮南平里,劉守森,無
村里長,新竹縣新埔鎮清水里,劉春英,無
村里長,新竹縣新埔鎮鹿鳴里,陳英基,無
村里長,新竹縣關西鎮東興里,彭文君,無
村里長,新竹縣關西鎮西安里,羅吉森,無
村里長,新竹縣關西鎮仁安里,黃瑞娥,無
村里長,新竹縣關西鎮東光里,葉明璋,無
村里長,新竹縣關西鎮大同里,陳振才,無
村里長,新竹縣關西鎮上林里,楊文輝,無
村里長,新竹縣關西鎮東山里,吳成崇,無
村里長,新竹縣湖口鄉愛勢村,謝春蘭,中國國民黨
村里長,新竹縣湖口鄉東興村,張紹仁,無
村里長,新竹縣新豐鄉埔和村,姚朝,無
村里長,新竹縣新豐鄉中崙村,劉錦嫦,無
村里長,新竹縣新豐鄉重興村,曾援智,無
村里長,新竹縣新豐鄉新豐村,吳石明,無
村里長,新竹縣新豐鄉忠孝村,陳讚榮,無
村里長,新竹縣新豐鄉崎頂村,葉水森,中國國民黨
村里長,新竹縣芎林鄉華龍村,田興業,中國國民黨
村里長,新竹縣芎林鄉秀湖村,曾達賢,中國國民黨
村里長,新竹縣芎林鄉石潭村,邱創桂,中國國民黨
村里長,新竹縣芎林鄉中坑村,林永堯,無
村里長,新竹縣芎林鄉水坑村,宋協展,中國國民黨
村里長,新竹縣芎林鄉芎林村,官秀娘,無
村里長,新竹縣橫山鄉田寮村,梁少枝,無
村里長,新竹縣橫山鄉南昌村,曾勝淇,無
村里長,新竹縣橫山鄉豐鄉村,林進樟,無
村里長,新竹縣橫山鄉新興村,吳泳河,無
村里長,新竹縣北埔鄉南埔村,莊瑞山,無
村里長,新竹縣北埔鄉大林村,温德泉,無
村里長,新竹縣北埔鄉大湖村,劉金庭,無
村里長,新竹縣北埔鄉外坪村,楊文國,無
村里長,新竹縣寶山鄉三峰村,黃國城,中國國民黨
村里長,新竹縣寶山鄉深井村,鍾煥清,中國國民黨
村里長,新竹縣寶山鄉寶斗村,張錦城,中國國民黨
村里長,新竹縣寶山鄉寶山村,李紘逸,無
村里長,新竹縣峨眉鄉峨眉村,許運枝,無
村里長,新竹縣峨眉鄉七星村,郭光營,無
村里長,新竹縣尖石鄉玉峰村,林清文,無
村里長,苗栗縣苗栗市中苗里,邱信雄,無
村里長,苗栗縣苗栗市綠苗里,邱俊毅,無
村里長,苗栗縣苗栗市大同里,楊桂尾,無
村里長,苗栗縣苗栗市上苗里,周文正,無
村里長,苗栗縣苗栗市清華里,吳姿澐,無
村里長,苗栗縣苗栗市水源里,李玉華,無
村里長,苗栗縣苗栗市南勢里,葉永正,無
村里長,苗栗縣苑裡鎮苑南里,呂聯恭,無
村里長,苗栗縣苑裡鎮苑北里,張顧翰,無
村里長,苗栗縣苑裡鎮苑港里,王献榮,無
村里長,苗栗縣苑裡鎮客庄里,鄭文郎,無
村里長,苗栗縣苑裡鎮中正里,鄭銘國,無
村里長,苗栗縣苑裡鎮石鎮里,楊炳祥,無
村里長,苗栗縣苑裡鎮蕉埔里,吳傑明,無
村里長,苗栗縣苑裡鎮上舘里,解振昌,無
村里長,苗栗縣通霄鎮城北里,詹春旺,無
村里長,苗栗縣通霄鎮南和里,羅國正,無
村里長,苗栗縣通霄鎮坪頂里,邱天送,無
村里長,苗栗縣通霄鎮通灣里,黃義芳,無
村里長,苗栗縣通霄鎮白東里,陳榮生,無
村里長,苗栗縣竹南鎮竹南里,簡宿英,無
村里長,苗栗縣竹南鎮照南里,康進筆,無
村里長,苗栗縣竹南鎮新南里,謝金晃,無
村里長,苗栗縣竹南鎮竹興里,黃湘元,無
村里長,苗栗縣竹南鎮龍鳳里,陳文標,無
村里長,苗栗縣竹南鎮中英里,連素卿,無
村里長,苗栗縣竹南鎮港墘里,林裕章,無
村里長,苗栗縣竹南鎮佳興里,陳金鑾,無
村里長,苗栗縣頭份市珊湖里,黃世男,無
村里長,苗栗縣頭份市上埔里,羅騰光,無
村里長,苗栗縣頭份市仁愛里,葉志煒,無
村里長,苗栗縣頭份市信義里,張慶漢,無
村里長,苗栗縣頭份市民族里,李振翼,無
村里長,苗栗縣頭份市東庄里,蕭珍纓,無
村里長,苗栗縣頭份市蟠桃里,黃玉桃,無
村里長,苗栗縣頭份市尖下里,楊世雄,無
村里長,苗栗縣頭份市成功里,羅田春,無
村里長,苗栗縣後龍鎮豐富里,張漢堂,無
村里長,苗栗縣後龍鎮埔頂里,張啓進,無
村里長,苗栗縣後龍鎮東明里,李明珍,無
村里長,苗栗縣後龍鎮大山里,郭美華,無
村里長,苗栗縣後龍鎮灣寶里,謝修鎰,無
村里長,苗栗縣後龍鎮秀水里,趙守雄,無
村里長,苗栗縣後龍鎮龍坑里,郭貴輝,無
村里長,苗栗縣後龍鎮福寧里,高國洞,無
村里長,苗栗縣後龍鎮中和里,張海桐,無
村里長,苗栗縣卓蘭鎮中街里,詹凱丞,無
村里長,苗栗縣卓蘭鎮豐田里,何楊蘭香,無
村里長,苗栗縣卓蘭鎮西坪里,呂淑敏,無
村里長,苗栗縣卓蘭鎮景山里,賴玉賜,無
村里長,苗栗縣卓蘭鎮老庄里,陳德文,無
村里長,苗栗縣卓蘭鎮新榮里,蔡錦湧,無
村里長,苗栗縣卓蘭鎮苗豐里,陳正成,無
村里長,苗栗縣大湖鄉靜湖村,劉慶海,無
村里長,苗栗縣大湖鄉富興村,劉永國,無
村里長,苗栗縣大湖鄉大寮村,謝柏園,無
村里長,苗栗縣大湖鄉南湖村,邱雲鈺,無
村里長,苗栗縣大湖鄉義和村,謝國龍,無
村里長,苗栗縣大湖鄉栗林村,張國基,無
村里長,苗栗縣公館鄉館東村,劉學耆,無
村里長,苗栗縣公館鄉館南村,黃明祥,無
村里長,苗栗縣公館鄉大坑村,張肇樣,無
村里長,苗栗縣公館鄉玉泉村,江新坤,無
村里長,苗栗縣公館鄉石墻村,劉建明,無
村里長,苗栗縣公館鄉福星村,劉國華,無
村里長,苗栗縣公館鄉開礦村,劉昆耀,無
村里長,苗栗縣公館鄉福德村,楊文虎,無
村里長,苗栗縣公館鄉鶴山村,彭達錡,無
村里長,苗栗縣公館鄉尖山村,劉兆松,無
村里長,苗栗縣銅鑼鄉福興村,謝勝輝,無
村里長,苗栗縣南庄鄉南江村,謝政財,無
村里長,苗栗縣南庄鄉南富村,蕭正燕,無
村里長,苗栗縣南庄鄉員林村,溫森銶,無
村里長,苗栗縣頭屋鄉曲洞村,劉安華,無
村里長,苗栗縣頭屋鄉明德村,謝文達,無
村里長,苗栗縣頭屋鄉鳴鳳村,涂錦福,無
村里長,苗栗縣三義鄉鯉魚潭村,詹源添,無
村里長,苗栗縣西湖鄉高埔村,劉玉霖,無
村里長,苗栗縣西湖鄉下埔村,謝燕東,無
村里長,苗栗縣造橋鄉平興村,邱明雄,無
村里長,苗栗縣造橋鄉大西村,黃德仁,無
村里長,苗栗縣造橋鄉大龍村,盧松源,無
村里長,苗栗縣造橋鄉談文村,張榮吉,無
村里長,苗栗縣造橋鄉龍昇村,陳吳滿玉,無
村里長,苗栗縣三灣鄉內灣村,邱文國,無
村里長,苗栗縣三灣鄉永和村,黃雪雲,無
村里長,苗栗縣獅潭鄉永興村,謝添華,無
村里長,苗栗縣泰安鄉八卦村,傅學祺,無
村里長,苗栗縣泰安鄉錦水村,張進光,無
村里長,苗栗縣泰安鄉清安村,黃文煥,無
村里長,苗栗縣泰安鄉大興村,謝清亮,無
村里長,彰化縣彰化市文化里,莊啓能,無
村里長,彰化縣彰化市萬安里,高林秀祝,無
村里長,彰化縣彰化市新興里,吳淑櫻,中國國民黨
村里長,彰化縣彰化市新華里,林福松,無
村里長,彰化縣彰化市龍山里,洪敏玲,無
村里長,彰化縣彰化市光華里,謝棟樑,無
村里長,彰化縣彰化市中央里,賴啓榮,無
村里長,彰化縣彰化市富貴里,温萬吉,無
村里長,彰化縣彰化市忠孝里,林正吉,無
村里長,彰化縣彰化市忠權里,林連發,無
村里長,彰化縣彰化市東芳里,張顯祺,無
村里長,彰化縣彰化市南美里,黃建成,無
村里長,彰化縣彰化市莿桐里,蔡侑訓,無
村里長,彰化縣彰化市磚磘里,吳孟聰,無
村里長,彰化縣彰化市東興里,林淑娟,中國國民黨
村里長,彰化縣彰化市永生里,謝清森,無
村里長,彰化縣彰化市華陽里,林榮聰,無
村里長,彰化縣彰化市華北里,陳志忠,無
村里長,彰化縣彰化市西安里,趙慶忠,無
村里長,彰化縣彰化市彰安里,邱逸傑,無
村里長,彰化縣彰化市光南里,蔡耀叁,無
村里長,彰化縣彰化市介壽里,蔡美香,無
村里長,彰化縣彰化市延平里,陳雯嘉,無
村里長,彰化縣彰化市福安里,鄭景芳,無
村里長,彰化縣彰化市竹中里,何則諭,無
村里長,彰化縣彰化市牛埔里,魏文彬,民主進步黨
村里長,彰化縣彰化市中庄里,蘇源順,無
村里長,彰化縣彰化市三村里,趙文男,無
村里長,彰化縣彰化市國聖里,王海,無
村里長,彰化縣彰化市茄苳里,吳秋仁,無
村里長,彰化縣彰化市復興里,李麗真,無
村里長,彰化縣彰化市和調里,張金川,無
村里長,彰化縣彰化市田中里,林再森,無
村里長,彰化縣彰化市快官里,李坤金,無
村里長,彰化縣彰化市向陽里,游寬棟,無
村里長,彰化縣鹿港鎮大有里,施俊平,無
村里長,彰化縣鹿港鎮中興里,徐許美滿,無
村里長,彰化縣鹿港鎮郭厝里,郭献欽,無
村里長,彰化縣鹿港鎮玉順里,萬家在,無
村里長,彰化縣鹿港鎮景福里,蔡宗源,無
村里長,彰化縣鹿港鎮泰興里,施宣發,無
村里長,彰化縣鹿港鎮長興里,陳麗枝,無
村里長,彰化縣鹿港鎮龍山里,陳永祥,無
村里長,彰化縣鹿港鎮興化里,黃玲玲,中國國民黨
村里長,彰化縣鹿港鎮街尾里,許勝嘉,無
村里長,彰化縣鹿港鎮頂番里,潘文生,無
村里長,彰化縣鹿港鎮頭崙里,楊燕眞,無
村里長,彰化縣鹿港鎮草中里,王國書,中國國民黨
村里長,彰化縣鹿港鎮山崙里,吳順和,無
村里長,彰化縣鹿港鎮詔安里,施進益,無
村里長,彰化縣鹿港鎮洋厝里,許勝裕,無
村里長,彰化縣和美鎮和北里,吳華晃,無
村里長,彰化縣和美鎮和西里,黃明卿,無
村里長,彰化縣和美鎮頭前里,葉國明,無
村里長,彰化縣和美鎮面前里,劉建村,無
村里長,彰化縣和美鎮鎮平里,李祟彥,無
村里長,彰化縣和美鎮大霞里,陳萬車,無
村里長,彰化縣和美鎮源埤里,謝忠復,無
村里長,彰化縣和美鎮南佃里,陳淑美,無
村里長,彰化縣和美鎮中寮里,林順泉,無
村里長,彰化縣和美鎮中圍里,李松春,無
村里長,彰化縣和美鎮糖友里,何吉盛,無
村里長,彰化縣和美鎮塗厝里,陳建興,中國國民黨
村里長,彰化縣和美鎮地潭里,林麗芳,無
村里長,彰化縣和美鎮嘉寶里,邵萬興,無
村里長,彰化縣和美鎮好修里,陳信義,無
村里長,彰化縣和美鎮仁愛里,黃合志,無
村里長,彰化縣線西鄉線西村,王榮銓,無
村里長,彰化縣線西鄉下犁村,顏學敏,無
村里長,彰化縣伸港鄉曾家村,曾添進,無
村里長,彰化縣伸港鄉蚵寮村,薛壁鈴,無
村里長,彰化縣伸港鄉埤墘村,柯宏坤,無
村里長,彰化縣伸港鄉溪底村,柯丁財,無
村里長,彰化縣伸港鄉海尾村,黃建達,無
村里長,彰化縣伸港鄉全興村,陳恭志,無
村里長,彰化縣伸港鄉定興村,柯素眉,無
村里長,彰化縣福興鄉大崙村,陳水立,無
村里長,彰化縣福興鄉外埔村,陳銘富,無
村里長,彰化縣福興鄉元中村,梁煮賔,無
村里長,彰化縣福興鄉番婆村,許信民,無
村里長,彰化縣福興鄉頂粘村,粘財本,無
村里長,彰化縣福興鄉福寶村,黃耀輝,中國國民黨
村里長,彰化縣福興鄉福南村,洪旭峯,無
村里長,彰化縣福興鄉同安村,卓鋕蒼,無
村里長,彰化縣秀水鄉秀水村,吳財巷,無
村里長,彰化縣秀水鄉金興村,蘇森田,無
村里長,彰化縣秀水鄉安東村,謝國華,民主進步黨
村里長,彰化縣秀水鄉義興村,施文達,無
村里長,彰化縣秀水鄉金陵村,劉宥慈,無
村里長,彰化縣秀水鄉下崙村,詹助益,無
村里長,彰化縣花壇鄉南口村,呂茂榮,無
村里長,彰化縣花壇鄉長沙村,柯金地,無
村里長,彰化縣花壇鄉橋頭村,謝佩蓉,無
村里長,彰化縣花壇鄉灣東村,許松柏,無
村里長,彰化縣花壇鄉三春村,李明松,無
村里長,彰化縣花壇鄉永春村,陳三弘,無
村里長,彰化縣芬園鄉大埔村,張凰鳳,無
村里長,彰化縣芬園鄉芬園村,劉耿輝,無
村里長,彰化縣芬園鄉縣庄村,褚忠進,無
村里長,彰化縣芬園鄉圳墘村,陳煌濱,無
村里長,彰化縣芬園鄉溪頭村,李永蕙,無
村里長,彰化縣芬園鄉進芬村,賴國華,無
村里長,彰化縣員林市東和里,劉淑靜,無
村里長,彰化縣員林市中正里,陳進發,無
村里長,彰化縣員林市仁美里,黃秀雅,無
村里長,彰化縣員林市新興里,張厚穰,無
村里長,彰化縣員林市源潭里,陳忠和,無
村里長,彰化縣員林市溝皂里,張衍澧,無
村里長,彰化縣員林市大饒里,張明勤,無
村里長,彰化縣員林市大明里,張政岳,無
村里長,彰化縣員林市振興里,謝堂權,無
村里長,彰化縣員林市林厝里,蕭富子,無
村里長,彰化縣員林市大峯里,江茂達,無
村里長,彰化縣員林市浮圳里,江玉堅,無
村里長,彰化縣員林市西東里,黃耀武,無
村里長,彰化縣員林市東北里,曹震西,無
村里長,彰化縣員林市三愛里,黃雅惠,無
村里長,彰化縣員林市三信里,黃寅,無
村里長,彰化縣員林市三多里,黃再瑞,無
村里長,彰化縣員林市忠孝里,洪光旭,無
村里長,彰化縣溪湖鎮光平里,楊林玉春,無
村里長,彰化縣溪湖鎮平和里,鄭篤喜,無
村里長,彰化縣溪湖鎮太平里,施合建,無
村里長,彰化縣溪湖鎮光華里,楊耀木,無
村里長,彰化縣溪湖鎮東寮里,巫智成,無
村里長,彰化縣溪湖鎮大突里,謝章啟,無
村里長,彰化縣溪湖鎮湖西里,楊明瞭,無
村里長,彰化縣溪湖鎮西溪里,洪秀鳳,無
村里長,彰化縣溪湖鎮頂庄里,黃劉彩梅,無
村里長,彰化縣溪湖鎮大庭里,陳傳助,無
村里長,彰化縣溪湖鎮西勢里,蔡福助,無
村里長,彰化縣田中鎮碧峰里,蕭文忠,無
村里長,彰化縣田中鎮東源里,陳聰達,無
村里長,彰化縣田中鎮龍潭里,蕭光志,無
村里長,彰化縣田中鎮三民里,鄭金賜,無
村里長,彰化縣田中鎮三光里,陳裕柳,無
村里長,彰化縣大村鄉大村村,賴錫應,無
村里長,彰化縣大村鄉新興村,黃世昌,無
村里長,彰化縣大村鄉過溝村,賴保全,無
村里長,彰化縣大村鄉平和村,賴居林,無
村里長,彰化縣大村鄉村上村,賴順從,無
村里長,彰化縣埔鹽鄉打廉村,陳育勝,無
村里長,彰化縣埔鹽鄉大有村,陳輝隆,無
村里長,彰化縣埔鹽鄉石埤村,施讚興,無
村里長,彰化縣埔鹽鄉新水村,施愷峻,無
村里長,彰化縣埔鹽鄉南新村,施正賀,無
村里長,彰化縣埔心鄉東門村,陳有在,無
村里長,彰化縣埔心鄉瓦中村,余堅,無
村里長,彰化縣埔心鄉新舘村,吳陳金環,無
村里長,彰化縣埔心鄉梧鳳村,黃旭四,無
村里長,彰化縣埔心鄉埤脚村,黃輝要,無
村里長,彰化縣永靖鄉永東村,張銘達,無
村里長,彰化縣永靖鄉永南村,劉嘉龍,無
村里長,彰化縣永靖鄉新莊村,詹日新,無
村里長,彰化縣永靖鄉五汴村,袁百里,無
村里長,彰化縣永靖鄉光雲村,詹德如,無
村里長,彰化縣永靖鄉東寧村,洪仁俊,無
村里長,彰化縣永靖鄉崙子村,凃永富,無
村里長,彰化縣永靖鄉同安村,陳坤立,無
村里長,彰化縣永靖鄉湳墘村,林輝,無
村里長,彰化縣永靖鄉四芳村,盧清連,無
村里長,彰化縣永靖鄉福興村,江錦文,無
村里長,彰化縣永靖鄉竹子村,周文曲,無
村里長,彰化縣社頭鄉社頭村,張育豪,無
村里長,彰化縣社頭鄉山湖村,劉秀蘭,無
村里長,彰化縣社頭鄉湳底村,謝勝文,無
村里長,彰化縣社頭鄉新厝村,劉培謙,無
村里長,彰化縣社頭鄉平和村,蕭成洽,無
村里長,彰化縣社頭鄉松竹村,張秀優,無
村里長,彰化縣二水鄉合和村,董碧顏,無
村里長,彰化縣二水鄉過圳村,羅澄麃,無
村里長,彰化縣二水鄉裕民村,許美月,無
村里長,彰化縣二水鄉合興村,張窓明,無
村里長,彰化縣二水鄉十五村,黃秀花,無
村里長,彰化縣北斗鎮光復里,許俊士,無
村里長,彰化縣北斗鎮新政里,傅銘霖,無
村里長,彰化縣北斗鎮重慶里,陳肇基,無
村里長,彰化縣北斗鎮五權里,謝正良,無
村里長,彰化縣北斗鎮七星里,易世朋,無
村里長,彰化縣北斗鎮東光里,呂學銘,無
村里長,彰化縣北斗鎮西德里,黃志忠,無
村里長,彰化縣北斗鎮西安里,林義平,無
村里長,彰化縣北斗鎮新生里,吳金郎,無
村里長,彰化縣北斗鎮大新里,陳孟麒,無
村里長,彰化縣二林鎮中西里,洪秋邦,無
村里長,彰化縣二林鎮廣興里,詹金水,無
村里長,彰化縣二林鎮香田里,陳格俊,無
村里長,彰化縣二林鎮外竹里,顏信鴻,無
村里長,彰化縣二林鎮興華里,洪建民,無
村里長,彰化縣二林鎮豐田里,吳朝章,無
村里長,彰化縣二林鎮頂厝里,洪明宏,無
村里長,彰化縣二林鎮趙甲里,曾免,無
村里長,彰化縣二林鎮華崙里,張俊卿,無
村里長,彰化縣二林鎮大永里,莊明章,無
村里長,彰化縣二林鎮原斗里,莊坤錫,無
村里長,彰化縣二林鎮復豐里,曾進賜,無
村里長,彰化縣田尾鄉睦宜村,陳作禮,無
村里長,彰化縣田尾鄉新興村,蒲創結,無
村里長,彰化縣田尾鄉北鎮村,邱模,無
村里長,彰化縣田尾鄉溪畔村,陳錦津,無
村里長,彰化縣田尾鄉柳鳳村,周一郎,無
村里長,彰化縣田尾鄉海豐村,吳永棋,無
村里長,彰化縣田尾鄉仁里村,李坤極,無
村里長,彰化縣田尾鄉正義村,王政堅,無
村里長,彰化縣埤頭鄉和豊村,陳立彬,無
村里長,彰化縣埤頭鄉埤頭村,黃丁元,民主進步黨
村里長,彰化縣埤頭鄉合興村,杜崇維,無
村里長,彰化縣埤頭鄉芙朝村,黃永昌,無
村里長,彰化縣埤頭鄉新庄村,黃為結,無
村里長,彰化縣埤頭鄉庄內村,郭幼玲,無
村里長,彰化縣埤頭鄉大湖村,邱木生,無
村里長,彰化縣芳苑鄉芳中村,陳忠男,無
村里長,彰化縣芳苑鄉後寮村,洪慶豐,無
村里長,彰化縣芳苑鄉永興村,鐘明堂,無
村里長,彰化縣芳苑鄉路上村,謝慶文,無
村里長,彰化縣芳苑鄉福榮村,謝東霖,無
村里長,彰化縣芳苑鄉新街村,洪深泉,無
村里長,彰化縣芳苑鄉和平村,林進財,無
村里長,彰化縣芳苑鄉民生村,洪坤郎,無
村里長,彰化縣芳苑鄉新寶村,梁祥盛,無
村里長,彰化縣芳苑鄉文津村,陳鴻圖,無
村里長,彰化縣芳苑鄉漢寶村,鄭鵬豐,無
村里長,彰化縣大城鄉上山村,顏榮賢,無
村里長,彰化縣大城鄉東城村,,無
村里長,彰化縣大城鄉大城村,張忠和,無
村里長,彰化縣大城鄉頂庄村,許仁寳,無
村里長,彰化縣大城鄉臺西村,許讓出,無
村里長,彰化縣大城鄉西港村,陳儀興,無
村里長,彰化縣竹塘鄉竹元村,蕭慶彬,無
村里長,彰化縣竹塘鄉竹塘村,詹炳煌,無
村里長,彰化縣竹塘鄉民靖村,莊瑞林,無
村里長,彰化縣竹塘鄉新廣村,鐘仁慶,無
村里長,彰化縣竹塘鄉竹林村,張鴻武,無
村里長,彰化縣竹塘鄉土庫村,廖鐘謀,無
村里長,彰化縣竹塘鄉長安村,廖英傑,無
村里長,彰化縣溪州鄉溪厝村,呂永富,無
村里長,彰化縣溪州鄉舊眉村,蔡順龍,無
村里長,彰化縣溪州鄉柑園村,宋金堆,無
村里長,彰化縣溪州鄉坑厝村,鄭萬長,無
村里長,彰化縣溪州鄉圳寮村,陳勇位,無
村里長,彰化縣溪州鄉尾厝村,劉清棚,無
村里長,彰化縣溪州鄉大庄村,陳元振,無
村里長,彰化縣溪州鄉東州村,陳明桂,無
村里長,彰化縣溪州鄉三條村,廖清福,無
村里長,南投縣南投市三民里,蕭承倉,無
村里長,南投縣南投市南投里,陳信嘉,無
村里長,南投縣南投市東山里,曾文聰,無
村里長,南投縣南投市千秋里,陳建昌,無
村里長,南投縣南投市光華里,王淑美,中國國民黨
村里長,南投縣南投市光明里,黃希谷,中國國民黨
村里長,南投縣南投市光輝里,沈玉珠,中國國民黨
村里長,南投縣埔里鎮北門里,王金貞,無
村里長,南投縣埔里鎮同聲里,周文棋,中國國民黨
村里長,南投縣埔里鎮大城里,黃鈴蘭,無
村里長,南投縣埔里鎮麒麟里,黃戊寅,無
村里長,南投縣埔里鎮溪南里,林志良,無
村里長,南投縣埔里鎮成功里,彭惠珍,無
村里長,南投縣埔里鎮愛蘭里,陳文富,無
村里長,南投縣埔里鎮廣成里,張國豐,無
村里長,南投縣埔里鎮牛眠里,潘俊銘,無
村里長,南投縣埔里鎮蜈蚣里,黃美玉,無
村里長,南投縣草屯鎮炎峰里,洪慶文,無
村里長,南投縣草屯鎮和平里,李永裕,無
村里長,南投縣草屯鎮山腳里,陳松茂,無
村里長,南投縣草屯鎮新豐里,陳美玲,無
村里長,南投縣草屯鎮復興里,林健男,無
村里長,南投縣草屯鎮上林里,蕭世杰,無
村里長,南投縣草屯鎮南埔里,李士吉,無
村里長,南投縣草屯鎮土城里,施惟德,無
村里長,南投縣草屯鎮中山里,簡妙樺,無
村里長,南投縣草屯鎮明正里,李桂杏,無
村里長,南投縣竹山鎮雲林里,李秋榜,無
村里長,南投縣竹山鎮硘磘里,廖崇伯,無
村里長,南投縣竹山鎮下坪里,余志嘉,無
村里長,南投縣竹山鎮中崎里,陳福霖,無
村里長,南投縣竹山鎮德興里,陳雅紅,無
村里長,南投縣竹山鎮延正里,曾庻坪,無
村里長,南投縣竹山鎮延山里,陳碧棋,無
村里長,南投縣竹山鎮延和里,林韓聖,無
村里長,南投縣竹山鎮社寮里,許炳村,中國國民黨
村里長,南投縣竹山鎮大鞍里,范梓鍊,無
村里長,南投縣竹山鎮秀林里,林坤裕,無
村里長,南投縣集集鎮八張里,鄧智全,無
村里長,南投縣集集鎮永昌里,陳樹連,無
村里長,南投縣集集鎮富山里,李文賢,無
村里長,南投縣名間鄉南雅村,何永生,無
村里長,南投縣名間鄉濁水村,吳欽緯,無
村里長,南投縣名間鄉炭寮村,蔡文益,無
村里長,南投縣名間鄉東湖村,吳元仁,無
村里長,南投縣名間鄉大坑村,陳振科,無
村里長,南投縣名間鄉竹圍村,黃啓樑,無
村里長,南投縣名間鄉赤水村,陳松明,無
村里長,南投縣名間鄉埔中村,陳建州,無
村里長,南投縣名間鄉崁腳村,謝舜日,無
村里長,南投縣名間鄉新厝村,陳勇祥,無
村里長,南投縣鹿谷鄉廣興村,黃筆顯,無
村里長,南投縣鹿谷鄉竹豐村,劉因孟,無
村里長,南投縣鹿谷鄉和雅村,陳貞復,中國國民黨
村里長,南投縣鹿谷鄉鳳凰村,劉志成,無
村里長,南投縣鹿谷鄉永隆村,何垔墩,無
村里長,南投縣鹿谷鄉秀峰村,曾文香,無
村里長,南投縣中寮鄉崁頂村,廖俊松,無
村里長,南投縣中寮鄉八仙村,江輝能,無
村里長,南投縣中寮鄉和興村,孫瑞娟,無
村里長,南投縣中寮鄉復興村,官玉瑛,無
村里長,南投縣中寮鄉中寮村,黃文安,無
村里長,南投縣中寮鄉廣福村,洪長湖,無
村里長,南投縣中寮鄉義和村,廖先前,無
村里長,南投縣中寮鄉內城村,廖增堆,無
村里長,南投縣魚池鄉東池村,王百祿,中國國民黨
村里長,南投縣魚池鄉魚池村,盧幸助,中國國民黨
村里長,南投縣魚池鄉中明村,楊崑欣,無
村里長,南投縣魚池鄉新城村,沈華儷,無
村里長,南投縣魚池鄉武登村,黃永斌,無
村里長,南投縣國姓鄉乾溝村,田基堯,無
村里長,南投縣國姓鄉南港村,洪永鎮,無
村里長,南投縣國姓鄉大石村,楊永瑞,無
村里長,南投縣水里鄉水里村,王豐義,無
村里長,南投縣水里鄉農富村,陳昭喜,無
村里長,南投縣水里鄉新城村,陳景舟,無
村里長,南投縣水里鄉頂崁村,賴清元,無
村里長,南投縣水里鄉新山村,黃郁婷,無
村里長,南投縣信義鄉地利村,幸國光,無
村里長,南投縣信義鄉愛國村,朱祥豪,中國國民黨
村里長,南投縣信義鄉自強村,汪家滿,無
村里長,南投縣信義鄉羅娜村,伍福明,無
村里長,南投縣信義鄉神木村,忻軍,無
村里長,南投縣信義鄉豐丘村,全福盛,無
村里長,南投縣仁愛鄉大同村,謝戎彥,中國國民黨
村里長,南投縣仁愛鄉春陽村,許克信,中國國民黨
村里長,南投縣仁愛鄉榮興村,吳國寶,中國國民黨
村里長,南投縣仁愛鄉翠華村,高政光,中國國民黨
村里長,雲林縣斗六市江厝里,沈永清,無
村里長,雲林縣斗六市三光里,黃順昌,無
村里長,雲林縣斗六市久安里,凃凱翔,中國國民黨
村里長,雲林縣斗六市長平里,高忠傑,無
村里長,雲林縣斗六市榴中里,蔡芳聰,無
村里長,雲林縣斗六市榴北里,張朝明,無
村里長,雲林縣斗六市溪洲里,徐文順,無
村里長,雲林縣斗六市十三里,張進啓,無
村里長,雲林縣斗六市社口里,蘇宴民,無
村里長,雲林縣斗六市明德里,賴國進,無
村里長,雲林縣斗六市成功里,曾景坐,無
村里長,雲林縣斗南鎮南昌里,沈銘偉,無
村里長,雲林縣斗南鎮新南里,宋國源,無
村里長,雲林縣虎尾鎮新興里,蔡榮富,無
村里長,雲林縣虎尾鎮東仁里,鄭蔡雪娥,無
村里長,雲林縣虎尾鎮德興里,陳錦松,無
村里長,雲林縣虎尾鎮安慶里,廖勝雄,無
村里長,雲林縣虎尾鎮興南里,周清石,無
村里長,雲林縣虎尾鎮新吉里,謝銀樹,無
村里長,雲林縣虎尾鎮延平里,周章銅,無
村里長,雲林縣虎尾鎮三合里,林坤泉,無
村里長,雲林縣虎尾鎮北溪里,陳俊旗,無
村里長,雲林縣虎尾鎮墾地里,黃秋雄,無
村里長,雲林縣虎尾鎮芳草里,趙朝勤,無
村里長,雲林縣虎尾鎮堀頭里,李萬壽,無
村里長,雲林縣虎尾鎮安溪里,蔡朝忠,無
村里長,雲林縣西螺鎮大園里,廖進堂,無
村里長,雲林縣西螺鎮永安里,廖素珍,無
村里長,雲林縣西螺鎮中和里,陳泰川,無
村里長,雲林縣西螺鎮光華里,廖錦銘,無
村里長,雲林縣西螺鎮漢光里,廖本淵,無
村里長,雲林縣西螺鎮新安里,林誌明,無
村里長,雲林縣西螺鎮新豐里,王風雲,無
村里長,雲林縣西螺鎮詔安里,程大源,無
村里長,雲林縣西螺鎮河南里,李湖,無
村里長,雲林縣西螺鎮埤頭里,李美玲,無
村里長,雲林縣西螺鎮頂湳里,黃彩秋,無
村里長,雲林縣西螺鎮九隆里,黃進國,無
村里長,雲林縣西螺鎮吳厝里,廖金龍,無
村里長,雲林縣土庫鎮順天里,楊鼎雄,無
村里長,雲林縣土庫鎮宮北里,劉夏苓,無
村里長,雲林縣土庫鎮越港里,陳冠汝,無
村里長,雲林縣土庫鎮奮起里,楊文孔,無
村里長,雲林縣土庫鎮大荖里,周傳,無
村里長,雲林縣土庫鎮南平里,黃素氣,無
村里長,雲林縣土庫鎮北平里,侯萬來,無
村里長,雲林縣土庫鎮西平里,林吳秋嬌,無
村里長,雲林縣土庫鎮後埔里,王長慶,無
村里長,雲林縣土庫鎮崙內里,吳添丁,無
村里長,雲林縣北港鎮東華里,陳富森,無
村里長,雲林縣北港鎮義民里,吳國興,無
村里長,雲林縣北港鎮西勢里,蔡金源,無
村里長,雲林縣北港鎮仁和里,傅信豪,無
村里長,雲林縣北港鎮賜福里,蔡明峰,無
村里長,雲林縣北港鎮公舘里,許家福,無
村里長,雲林縣北港鎮光復里,吳東合,無
村里長,雲林縣北港鎮劉厝里,李建昇,無
村里長,雲林縣北港鎮府番里,黃壹清,無
村里長,雲林縣北港鎮後溝里,蔡清波,無
村里長,雲林縣北港鎮扶朝里,姚水評,無
村里長,雲林縣古坑鄉水碓村,林永結,無
村里長,雲林縣古坑鄉華山村,李國和,無
村里長,雲林縣古坑鄉桂林村,黃煌儀,無
村里長,雲林縣古坑鄉草嶺村,陳兵通,無
村里長,雲林縣古坑鄉永昌村,李裕驊,無
村里長,雲林縣古坑鄉麻園村,劉義岳,無
村里長,雲林縣古坑鄉朝陽村,邱寶賢,無
村里長,雲林縣古坑鄉湳仔村,吳景富,無
村里長,雲林縣大埤鄉南和村,翁素蘭,無
村里長,雲林縣大埤鄉尚義村,許慶源,無
村里長,雲林縣大埤鄉豐田村,沈英正,無
村里長,雲林縣大埤鄉豐岡村,張佩寓,無
村里長,雲林縣莿桐鄉莿桐村,陳堅棻,無
村里長,雲林縣莿桐鄉甘西村,林建旭,無
村里長,雲林縣莿桐鄉大美村,何順良,無
村里長,雲林縣莿桐鄉四合村,蔡見成,無
村里長,雲林縣莿桐鄉五華村,李佳誠,無
村里長,雲林縣林內鄉坪頂村,林賢宗,無
村里長,雲林縣二崙鄉來惠村,廖文合,無
村里長,雲林縣二崙鄉三和村,李宏隆,無
村里長,雲林縣二崙鄉大華村,銅村榮,無
村里長,雲林縣二崙鄉義庄村,李春生,無
村里長,雲林縣二崙鄉楊賢村,廖世塏,無
村里長,雲林縣二崙鄉港後村,李清波,無
村里長,雲林縣二崙鄉大義村,李育旺,無
村里長,雲林縣二崙鄉庄西村,曹金龍,無
村里長,雲林縣二崙鄉永定村,程伍聰,無
村里長,雲林縣崙背鄉東明村,劉榮豐,無
村里長,雲林縣崙背鄉西榮村,李金樹,無
村里長,雲林縣崙背鄉南陽村,李重勲,無
村里長,雲林縣崙背鄉崙前村,李文宏,無
村里長,雲林縣崙背鄉羅厝村,李照域,無
村里長,雲林縣崙背鄉港尾村,廖炳淞,無
村里長,雲林縣崙背鄉豐榮村,許國興,無
村里長,雲林縣崙背鄉草湖村,林琮浩,無
村里長,雲林縣崙背鄉舊庄村,許進田,無
村里長,雲林縣崙背鄉水尾村,鍾順亨,無
村里長,雲林縣麥寮鄉麥津村,林東宏,無
村里長,雲林縣麥寮鄉興華村,蔡明宏,無
村里長,雲林縣麥寮鄉三盛村,許智斌,無
村里長,雲林縣麥寮鄉中興村,許再發,無
村里長,雲林縣東勢鄉東南村,林素敏,無
村里長,雲林縣東勢鄉復興村,張文發,無
村里長,雲林縣東勢鄉月眉村,張見文,無
村里長,雲林縣東勢鄉安南村,謝君貝,無
村里長,雲林縣東勢鄉昌南村,陳論,無
村里長,雲林縣東勢鄉同安村,陳俊來,無
村里長,雲林縣東勢鄉新坤村,黃華山,無
村里長,雲林縣褒忠鄉中民村,吳明和,無
村里長,雲林縣褒忠鄉田洋村,章深根,無
村里長,雲林縣臺西鄉台西村,賴俊傑,無
村里長,雲林縣臺西鄉海口村,吳志雄,無
村里長,雲林縣臺西鄉五榔村,吳東峰,無
村里長,雲林縣臺西鄉山寮村,林麗美,無
村里長,雲林縣臺西鄉富琦村,林宏諺,無
村里長,雲林縣臺西鄉和豐村,林培煌,無
村里長,雲林縣元長鄉長北村,李傅秀蕋,無
村里長,雲林縣元長鄉子茂村,陳李秋香,無
村里長,雲林縣元長鄉合和村,周連瑩,無
村里長,雲林縣元長鄉潭東村,蕭宗獻,無
村里長,雲林縣元長鄉卓運村,陳仁忠,無
村里長,雲林縣元長鄉頂寮村,蔡倍東,無
村里長,雲林縣元長鄉瓦磘村,陳中一,無
村里長,雲林縣元長鄉新吉村,陳進朝,無
村里長,雲林縣四湖鄉湖西村,王玉鍊,無
村里長,雲林縣四湖鄉施湖村,吳仁欽,無
村里長,雲林縣四湖鄉飛沙村,吳坤龍,無
村里長,雲林縣四湖鄉崙南村,吳美玲,無
村里長,雲林縣四湖鄉廣溝村,黃崑火,無
村里長,雲林縣四湖鄉林東村,王經偉,無
村里長,雲林縣四湖鄉溪尾村,朱義環,無
村里長,雲林縣四湖鄉飛東村,吳振利,無
村里長,雲林縣口湖鄉蚵寮村,林彥銘,無
村里長,雲林縣口湖鄉青蚶村,蔡明堂,無
村里長,雲林縣口湖鄉港東村,黃金樹,無
村里長,雲林縣口湖鄉水井村,李豐善,無
村里長,雲林縣口湖鄉過港村,李文閔,無
村里長,雲林縣水林鄉水北村,洪茂仁,無
村里長,雲林縣水林鄉海埔村,莊國豐,無
村里長,雲林縣水林鄉土厝村,蔡陣順,無
村里長,雲林縣水林鄉車港村,蔡炳煌,無
村里長,雲林縣水林鄉灣西村,黃常,無
村里長,雲林縣水林鄉𣐤埔村,柯艷華,無
村里長,雲林縣水林鄉塭底村,黃志金,無
村里長,嘉義縣太保市後庄里,沈得山,無
村里長,嘉義縣太保市梅埔里,官德發,無
村里長,嘉義縣太保市崙頂里,張騰耀,無
村里長,嘉義縣太保市東勢里,龔栩慶,無
村里長,嘉義縣太保市田尾里,陳憲發,無
村里長,嘉義縣太保市麻寮里,侯水波,無
村里長,嘉義縣太保市安仁里,陳政龍,無
村里長,嘉義縣朴子市安福里,林岳平,無
村里長,嘉義縣朴子市平和里,蘇黃寳玉,無
村里長,嘉義縣朴子市內厝里,彭永達,無
村里長,嘉義縣朴子市文化里,楊石旭,無
村里長,嘉義縣朴子市德興里,侯茂昆,無
村里長,嘉義縣朴子市佳禾里,何玉合,無
村里長,嘉義縣朴子市梅華里,黃勝義,無
村里長,嘉義縣布袋鎮興中里,蕭維漢,無
村里長,嘉義縣布袋鎮見龍里,黃清基,無
村里長,嘉義縣布袋鎮新岑里,蔡政擧,無
村里長,嘉義縣布袋鎮復興里,蘇清鴻,無
村里長,嘉義縣布袋鎮東港里,林榮泰,無
村里長,嘉義縣布袋鎮江山里,翁振家,無
村里長,嘉義縣布袋鎮菜舖里,莊啓佑,無
村里長,嘉義縣布袋鎮考試里,陳泰和,無
村里長,嘉義縣布袋鎮振寮里,莊貴翔,無
村里長,嘉義縣布袋鎮東安里,陳兩傳,無
村里長,嘉義縣大林鎮東林里,陳建安,無
村里長,嘉義縣大林鎮吉林里,孫美鳳,無
村里長,嘉義縣大林鎮明和里,李清課,無
村里長,嘉義縣大林鎮排路里,呂新章,無
村里長,嘉義縣大林鎮大糖里,蕭淑芬,無
村里長,嘉義縣大林鎮溝背里,江春源,無
村里長,嘉義縣大林鎮三村里,蘇華佑,無
村里長,嘉義縣民雄鄉東榮村,張金富,無
村里長,嘉義縣民雄鄉西安村,江源發,無
村里長,嘉義縣民雄鄉中和村,何石生,無
村里長,嘉義縣民雄鄉平和村,許水松,無
村里長,嘉義縣民雄鄉西昌村,張家福,無
村里長,嘉義縣民雄鄉豊收村,陳正溪,無
村里長,嘉義縣民雄鄉山中村,鄭永欽,無
村里長,嘉義縣民雄鄉中央村,劉文明,無
村里長,嘉義縣民雄鄉金興村,何建明,無
村里長,嘉義縣溪口鄉溪東村,謝陸成,無
村里長,嘉義縣溪口鄉游東村,邱茂森,無
村里長,嘉義縣溪口鄉游西村,孫文章,無
村里長,嘉義縣溪口鄉林腳村,許彩鳳,無
村里長,嘉義縣溪口鄉美北村,陳淑惠,無
村里長,嘉義縣溪口鄉本厝村,葉得祿,無
村里長,嘉義縣新港鄉宮後村,陳圳岸,無
村里長,嘉義縣新港鄉大興村,林益生,無
村里長,嘉義縣新港鄉福德村,郭正欽,無
村里長,嘉義縣新港鄉中庄村,張秀安,無
村里長,嘉義縣新港鄉埤子村,張世立,無
村里長,嘉義縣新港鄉南崙村,王張素女,無
村里長,嘉義縣新港鄉月眉村,林明泰,無
村里長,嘉義縣新港鄉月潭村,李冠樟,無
村里長,嘉義縣新港鄉溪北村,李明棟,無
村里長,嘉義縣新港鄉中洋村,江德欽,無
村里長,嘉義縣新港鄉菜公村,林黃秀玉,無
村里長,嘉義縣新港鄉板頭村,杜徐灑,無
村里長,嘉義縣六腳鄉蒜頭村,呂松助,無
村里長,嘉義縣六腳鄉工廠村,黃江正,無
村里長,嘉義縣六腳鄉灣南村,趙素娟,無
村里長,嘉義縣六腳鄉雙涵村,陳鶴松,無
村里長,嘉義縣六腳鄉塗師村,侯新發,無
村里長,嘉義縣六腳鄉三義村,蔡聰享,無
村里長,嘉義縣六腳鄉港美村,林哲祥,無
村里長,嘉義縣六腳鄉六斗村,康珍,無
村里長,嘉義縣六腳鄉蘇厝村,蘇庭芳,無
村里長,嘉義縣六腳鄉潭墘村,侯水順,無
村里長,嘉義縣六腳鄉正義村,林麗珍,無
村里長,嘉義縣六腳鄉溪厝村,侯義雄,無
村里長,嘉義縣六腳鄉更寮村,蕭明正,無
村里長,嘉義縣東石鄉型厝村,黃進忠,無
村里長,嘉義縣東石鄉塭港村,許錫林,無
村里長,嘉義縣東石鄉三家村,蕭振部,無
村里長,嘉義縣東石鄉龍港村,吳振德,無
村里長,嘉義縣東石鄉副瀨村,林泰平,無
村里長,嘉義縣東石鄉下揖村,陳慶堂,無
村里長,嘉義縣東石鄉港墘村,嚴玄明,無
村里長,嘉義縣東石鄉圍潭村,莊讚芬,無
村里長,嘉義縣東石鄉洲仔村,鄭清木,無
村里長,嘉義縣東石鄉港口村,丁振管,無
村里長,嘉義縣東石鄉鰲鼓村,李銘春,無
村里長,嘉義縣義竹鄉中平村,謝添丁,無
村里長,嘉義縣義竹鄉後鎮村,張耿豪,無
村里長,嘉義縣義竹鄉北華村,蔡明賢,無
村里長,嘉義縣義竹鄉官和村,王鐘啓,無
村里長,嘉義縣鹿草鄉施家村,施青宏,無
村里長,嘉義縣鹿草鄉下潭村,吳輝臨,無
村里長,嘉義縣鹿草鄉光潭村,郭豐銘,無
村里長,嘉義縣鹿草鄉碧潭村,林添旺,無
村里長,嘉義縣鹿草鄉松竹村,林明助,無
村里長,嘉義縣鹿草鄉後堀村,陳信同,無
村里長,嘉義縣水上鄉水上村,蔡宗河,無
村里長,嘉義縣水上鄉塗溝村,呂銘珍,無
村里長,嘉義縣水上鄉回歸村,李福來,無
村里長,嘉義縣水上鄉三鎮村,林志忠,中國國民黨
村里長,嘉義縣水上鄉龍德村,林建呈,無
村里長,嘉義縣水上鄉柳鄉村,黃義坤,無
村里長,嘉義縣水上鄉寬士村,黃榮郎,無
村里長,嘉義縣水上鄉忠和村,張順興,無
村里長,嘉義縣水上鄉三界村,陳重鏞,無
村里長,嘉義縣中埔鄉中埔村,游淑貞,無
村里長,嘉義縣中埔鄉龍門村,張羅麵粉,無
村里長,嘉義縣中埔鄉富收村,蕭清忠,無
村里長,嘉義縣中埔鄉和睦村,嚴添福,無
村里長,嘉義縣中埔鄉石硦村,林聰柏,無
村里長,嘉義縣中埔鄉同仁村,田成伍,無
村里長,嘉義縣中埔鄉瑞豐村,陳章瑞,無
村里長,嘉義縣中埔鄉沄水村,何長運,無
村里長,嘉義縣中埔鄉三層村,賴燦北,無
村里長,嘉義縣中埔鄉深坑村,邱成佑,無
村里長,嘉義縣中埔鄉東興村,曾正發,無
村里長,嘉義縣中埔鄉中崙村,謝文科,無
村里長,嘉義縣竹崎鄉坑頭村,蕭吳青,無
村里長,嘉義縣竹崎鄉沙坑村,蕭火耀,無
村里長,嘉義縣竹崎鄉塘興村,劉錚謨,無
村里長,嘉義縣竹崎鄉龍山村,李樺鑫,無
村里長,嘉義縣竹崎鄉復金村,劉國輝,無
村里長,嘉義縣竹崎鄉緞繻村,蕭素惠,無
村里長,嘉義縣竹崎鄉中和村,洪銀盛,無
村里長,嘉義縣梅山鄉梅東村,劉文科,無
村里長,嘉義縣梅山鄉梅北村,施淵元,無
村里長,嘉義縣梅山鄉圳南村,江瑞淵,無
村里長,嘉義縣梅山鄉永興村,劉耀坤,無
村里長,嘉義縣梅山鄉圳北村,郭聰明,無
村里長,嘉義縣梅山鄉太平村,嚴清雅,無
村里長,嘉義縣梅山鄉瑞峯村,黃文中,無
村里長,嘉義縣梅山鄉龍眼村,李國道,無
村里長,嘉義縣番路鄉江西村,陳素卿,無
村里長,嘉義縣番路鄉下坑村,李啟榮,無
村里長,嘉義縣番路鄉番路村,謝居彰,無
村里長,嘉義縣番路鄉觸口村,鄭建泰,無
村里長,嘉義縣番路鄉公田村,陳良典,無
村里長,嘉義縣番路鄉公興村,張俊國,無
村里長,嘉義縣大埔鄉大埔村,陳天助,無
村里長,嘉義縣大埔鄉永樂村,劉秋香,無
村里長,嘉義縣大埔鄉茄苳村,張連進,無
村里長,嘉義縣大埔鄉西興村,林昆廣,無
村里長,嘉義縣阿里山鄉中山村,朱海良,無
村里長,嘉義縣阿里山鄉中正村,林孝州,無
村里長,嘉義縣阿里山鄉香林村,陳勝安,無
村里長,嘉義縣阿里山鄉十字村,許瑞文,無
村里長,嘉義縣阿里山鄉豐山村,陳建富,無
村里長,嘉義縣阿里山鄉里佳村,安高德,無
村里長,屏東縣屏東市橋北里,羅福盛,無
村里長,屏東縣屏東市豐田里,董怡民,中國國民黨
村里長,屏東縣屏東市大連里,董憲坤,無
村里長,屏東縣屏東市湖西里,陳進忠,無
村里長,屏東縣屏東市湖南里,陳榮文,無
村里長,屏東縣屏東市歸心里,陳文財,無
村里長,屏東縣屏東市新生里,邱正誠,無
村里長,屏東縣屏東市厚生里,許世在,無
村里長,屏東縣屏東市義勇里,林侑弘,無
村里長,屏東縣屏東市玉成里,簡同慰,無
村里長,屏東縣屏東市大湖里,方順豐,無
村里長,屏東縣屏東市永光里,鄭元興,無
村里長,屏東縣屏東市大洲里,蘇勝文,無
村里長,屏東縣屏東市勝利里,孔豐榮,無
村里長,屏東縣屏東市永城里,張酉添,無
村里長,屏東縣屏東市溝美里,陳秋明,無
村里長,屏東縣屏東市北勢里,洪永烈,無
村里長,屏東縣屏東市仁愛里,莊正旭,無
村里長,屏東縣屏東市廣興里,郭國石,無
村里長,屏東縣屏東市空翔里,祝毅成,中國國民黨
村里長,屏東縣潮州鎮同榮里,趙文勝,無
村里長,屏東縣潮州鎮新生里,詹錦宗,無
村里長,屏東縣潮州鎮三星里,簡新發,無
村里長,屏東縣潮州鎮三和里,李坤明,無
村里長,屏東縣潮州鎮富春里,施妙瑛,無
村里長,屏東縣潮州鎮九塊里,潘陳瑱圓,無
村里長,屏東縣東港鎮豐漁里,郭天福,無
村里長,屏東縣東港鎮興漁里,孔清雄,無
村里長,屏東縣東港鎮鎮海里,許文標,無
村里長,屏東縣東港鎮南平里,郭進祐,無
村里長,屏東縣東港鎮大潭里,蘇榮富,無
村里長,屏東縣恆春鎮城南里,邱榮欽,無
村里長,屏東縣恆春鎮城北里,洪世明,無
村里長,屏東縣恆春鎮茄湖里,尤信化,無
村里長,屏東縣恆春鎮南灣里,葉啓俊,無
村里長,屏東縣恆春鎮鵝鑾里,謝春敏,無
村里長,屏東縣萬丹鄉萬安村,陳家盛,無
村里長,屏東縣萬丹鄉萬生村,李妙絹,無
村里長,屏東縣萬丹鄉竹林村,薛世清,無
村里長,屏東縣萬丹鄉崙頂村,張福僑,無
村里長,屏東縣萬丹鄉加興村,張崑興,無
村里長,屏東縣萬丹鄉社皮村,林雲上,無
村里長,屏東縣萬丹鄉社上村,劉銀在,無
村里長,屏東縣萬丹鄉香社村,宋安定,無
村里長,屏東縣萬丹鄉灣內村,陳玉意,無
村里長,屏東縣萬丹鄉興全村,莊裕新,無
村里長,屏東縣萬丹鄉興安村,陳國成,無
村里長,屏東縣萬丹鄉甘棠村,許玉英,無
村里長,屏東縣長治鄉德榮村,林明成,無
村里長,屏東縣長治鄉繁華村,蘇政奇,無
村里長,屏東縣麟洛鄉麟趾村,黃勝雄,無
村里長,屏東縣麟洛鄉田道村,馮景光,無
村里長,屏東縣九如鄉玉水村,林慶國,無
村里長,屏東縣九如鄉大坵村,陳慶雄,無
村里長,屏東縣九如鄉三塊村,楊慧貞,無
村里長,屏東縣里港鄉玉田村,黃國華,無
村里長,屏東縣里港鄉永春村,陳春風,無
村里長,屏東縣里港鄉過江村,余岱真,無
村里長,屏東縣里港鄉茄苳村,鄭世鉉,無
村里長,屏東縣里港鄉中和村,胡益名,無
村里長,屏東縣里港鄉瀰力村,王正霖,無
村里長,屏東縣鹽埔鄉鹽北村,陳淑娟,無
村里長,屏東縣鹽埔鄉新二村,鄭蔡金純,無
村里長,屏東縣鹽埔鄉彭厝村,陳慶記,無
村里長,屏東縣高樹鄉長榮村,藍和國,無
村里長,屏東縣高樹鄉源泉村,盧漢章,無
村里長,屏東縣高樹鄉司馬村,黃明山,無
村里長,屏東縣高樹鄉舊寮村,賴淑珍,無
村里長,屏東縣高樹鄉廣興村,吳貴廷,無
村里長,屏東縣高樹鄉舊庄村,陳寶川,無
村里長,屏東縣萬巒鄉五溝村,李仲謙,無
村里長,屏東縣萬巒鄉萬金村,潘安雄,無
村里長,屏東縣萬巒鄉赤山村,潘嘉明,無
村里長,屏東縣萬巒鄉佳佐村,林永量,無
村里長,屏東縣萬巒鄉佳和村,紀進生,無
村里長,屏東縣內埔鄉興南村,林錫海,無
村里長,屏東縣內埔鄉義亭村,李鳳金,無
村里長,屏東縣內埔鄉美和村,利文堂,無
村里長,屏東縣內埔鄉和興村,林清雲,無
村里長,屏東縣內埔鄉東寧村,張擧文,無
村里長,屏東縣內埔鄉富田村,陳淦富,無
村里長,屏東縣內埔鄉東勢村,鍾貴郡,無
村里長,屏東縣內埔鄉東片村,黃日禓,無
村里長,屏東縣內埔鄉老埤村,郭廷俊,無
村里長,屏東縣內埔鄉龍泉村,田榮洲,無
村里長,屏東縣內埔鄉龍潭村,王建新,中國國民黨
村里長,屏東縣內埔鄉大新村,陳永盛,無
村里長,屏東縣內埔鄉水門村,李麗鳳,無
村里長,屏東縣竹田鄉履豐村,邱光榮,無
村里長,屏東縣竹田鄉南勢村,張鑑昌,無
村里長,屏東縣竹田鄉六巷村,蔡添貴,無
村里長,屏東縣新埤鄉建功村,孔德成,無
村里長,屏東縣枋寮鄉新龍村,郭甫男,無
村里長,屏東縣枋寮鄉新開村,林淑娥,無
村里長,屏東縣枋寮鄉大庄村,盧萬成,無
村里長,屏東縣新園鄉瓦磘村,李怡欣,無
村里長,屏東縣新園鄉內庄村,陳啟惠,無
村里長,屏東縣新園鄉烏龍村,楊坤崙,無
村里長,屏東縣新園鄉興龍村,郭德興,無
村里長,屏東縣新園鄉中洲村,林其芳,無
村里長,屏東縣新園鄉五房村,蔡明智,無
村里長,屏東縣新園鄉鹽埔村,何有量,無
村里長,屏東縣新園鄉共和村,黃丹鶯,無
村里長,屏東縣崁頂鄉圍內村,劉松美,無
村里長,屏東縣崁頂鄉洲子村,陳寶玉,無
村里長,屏東縣林邊鄉仁和村,盧麗美,無
村里長,屏東縣林邊鄉中林村,陳慶謀,無
村里長,屏東縣林邊鄉永樂村,蔡玉心,無
村里長,屏東縣林邊鄉田厝村,許文正,無
村里長,屏東縣林邊鄉鎮安村,謝坤霖,無
村里長,屏東縣南州鄉溪洲村,蕭耀武,無
村里長,屏東縣南州鄉仁里村,謝文田,無
村里長,屏東縣南州鄉壽元村,潘景裕,無
村里長,屏東縣南州鄉同安村,林素玲,無
村里長,屏東縣南州鄉南安村,黃江旗,無
村里長,屏東縣佳冬鄉六根村,楊浩逸,民主進步黨
村里長,屏東縣佳冬鄉昌隆村,戴張月英,無
村里長,屏東縣佳冬鄉豐隆村,戴沐雄,無
村里長,屏東縣佳冬鄉大同村,林載興,無
村里長,屏東縣佳冬鄉羌園村,陳桂玉,無
村里長,屏東縣佳冬鄉燄溫村,周萬成,無
村里長,屏東縣佳冬鄉塭豐村,李明杰,無
村里長,屏東縣琉球鄉南福村,彭麗桂,無
村里長,屏東縣琉球鄉上福村,許保吉,無
村里長,屏東縣車城鄉福安村,王俊貿,無
村里長,屏東縣車城鄉海口村,王林春葉,無
村里長,屏東縣車城鄉統埔村,林明芳,無
村里長,屏東縣滿州鄉港口村,賴志吉,無
村里長,屏東縣滿州鄉响林村,邱琦峰,無
村里長,屏東縣枋山鄉楓港村,林榮吉,無
村里長,屏東縣三地門鄉達來村,董吉正,無
村里長,屏東縣霧臺鄉霧台村,盧忠勤,無
村里長,屏東縣霧臺鄉吉露村,巴淑香,無
村里長,屏東縣霧臺鄉佳暮村,徐仁輝,無
村里長,屏東縣瑪家鄉瑪家村,唐建生,無
村里長,屏東縣瑪家鄉佳義村,高勝輝,無
村里長,屏東縣泰武鄉武潭村,劉安生,無
村里長,屏東縣泰武鄉佳興村,楊信道,無
村里長,屏東縣泰武鄉泰武村,郭茂源Bachake.Amulie,無
村里長,屏東縣來義鄉來義村,洪嘉明,無
村里長,屏東縣來義鄉義林村,宗健邦,無
村里長,屏東縣來義鄉望嘉村,江登木,無
村里長,屏東縣來義鄉南和村,王自強,無
村里長,屏東縣春日鄉力里村,簡春福,無
村里長,屏東縣獅子鄉丹路村,高基銘,無
村里長,屏東縣獅子鄉內文村,施正順Lulji.Rutalengan,無
村里長,屏東縣獅子鄉獅子村,林文旭,無
村里長,屏東縣獅子鄉南世村,楊登福Api.Vuruvur,無
村里長,屏東縣牡丹鄉東源村,高江海,無
村里長,屏東縣牡丹鄉旭海村,潘勳鶴,無
村里長,宜蘭縣宜蘭市神農里,郭寶簧,無
村里長,宜蘭縣宜蘭市南橋里,林慶雲,無
村里長,宜蘭縣宜蘭市建業里,李永,無
村里長,宜蘭縣宜蘭市南津里,林聰明,無
村里長,宜蘭縣宜蘭市凱旋里,林振雄,無
村里長,宜蘭縣宜蘭市東門里,李茂庚,無
村里長,宜蘭縣宜蘭市新生里,蔡錦濤,無
村里長,宜蘭縣宜蘭市茭白里,游舜超,無
村里長,宜蘭縣宜蘭市北津里,吳聰德,無
村里長,宜蘭縣宜蘭市梅洲里,游西湖,無
村里長,宜蘭縣宜蘭市西門里,林銘信,無
村里長,宜蘭縣宜蘭市南門里,廖政達,無
村里長,宜蘭縣宜蘭市民族里,鄧蜀江,無
村里長,宜蘭縣宜蘭市七結里,游景清,無
村里長,宜蘭縣宜蘭市泰山里,魯孝忠,無
村里長,宜蘭縣羅東鎮大新里,陳榮華,無
村里長,宜蘭縣羅東鎮南豪里,林聰雄,無
村里長,宜蘭縣羅東鎮仁德里,林啓東,無
村里長,宜蘭縣羅東鎮北成里,羅暳鎂,無
村里長,宜蘭縣羅東鎮賢文里,張智傑,無
村里長,宜蘭縣羅東鎮公正里,林豐裕,無
村里長,宜蘭縣羅東鎮開明里,李旭盛,無
村里長,宜蘭縣羅東鎮仁和里,藍亮如,無
村里長,宜蘭縣蘇澳鎮頂寮里,李寶連,無
村里長,宜蘭縣蘇澳鎮隘丁里,張正榮,無
村里長,宜蘭縣蘇澳鎮聖湖里,陳順平,中國國民黨
村里長,宜蘭縣蘇澳鎮蘇西里,楊光華,無
村里長,宜蘭縣蘇澳鎮永光里,盧育順,中國國民黨
村里長,宜蘭縣蘇澳鎮永春里,張盛國,無
村里長,宜蘭縣蘇澳鎮南成里,張誠烋,無
村里長,宜蘭縣蘇澳鎮朝陽里,李順義,無
村里長,宜蘭縣頭城鎮大里里,鄭順利,無
村里長,宜蘭縣頭城鎮合興里,黃惠美,無
村里長,宜蘭縣頭城鎮港口里,李世田,無
村里長,宜蘭縣頭城鎮武營里,游國添,無
村里長,宜蘭縣頭城鎮城南里,林春三,無
村里長,宜蘭縣頭城鎮竹安里,莊蔭,無
村里長,宜蘭縣頭城鎮新建里,王新驊,無
村里長,宜蘭縣頭城鎮金面里,劉榮華,無
村里長,宜蘭縣礁溪鄉玉石村,胡伯欽,無
村里長,宜蘭縣礁溪鄉大忠村,張介壽,中國國民黨
村里長,宜蘭縣礁溪鄉時潮村,顏玉桂,無
村里長,宜蘭縣礁溪鄉玉田村,游新爐,無
村里長,宜蘭縣礁溪鄉三民村,賴阿華,無
村里長,宜蘭縣礁溪鄉白鵝村,江錦崑,無
村里長,宜蘭縣壯圍鄉美福村,陳天來,無
村里長,宜蘭縣壯圍鄉過嶺村,李春田,無
村里長,宜蘭縣壯圍鄉忠孝村,莊朝明,無
村里長,宜蘭縣壯圍鄉古亭村,鄭文展,無
村里長,宜蘭縣壯圍鄉大福村,陳榮華,無
村里長,宜蘭縣員山鄉深溝村,謝易達,無
村里長,宜蘭縣員山鄉蓁巷村,陳清全,無
村里長,宜蘭縣員山鄉中華村,陳明華,無
村里長,宜蘭縣員山鄉永和村,陳志豊,無
村里長,宜蘭縣員山鄉同樂村,張正昌,無
村里長,宜蘭縣員山鄉湖東村,鄭金釧,無
村里長,宜蘭縣員山鄉湖西村,張明昌,無
村里長,宜蘭縣冬山鄉珍珠村,林自強,無
村里長,宜蘭縣冬山鄉三奇村,戴旺傳,無
村里長,宜蘭縣冬山鄉安平村,謝德旺,無
村里長,宜蘭縣冬山鄉太和村,游興昌,無
村里長,宜蘭縣冬山鄉八寶村,康素真,無
村里長,宜蘭縣冬山鄉丸山村,江清鴻,無
村里長,宜蘭縣冬山鄉中山村,廖月蕙,無
村里長,宜蘭縣冬山鄉鹿埔村,江清祥,無
村里長,宜蘭縣冬山鄉柯林村,林明義,無
村里長,宜蘭縣五結鄉二結村,陳長泉,無
村里長,宜蘭縣五結鄉上四村,林祥旺,無
村里長,宜蘭縣五結鄉中興村,吳正騫,無
村里長,宜蘭縣五結鄉福興村,陳彩雲,無
村里長,宜蘭縣五結鄉五結村,黃文宏,無
村里長,宜蘭縣五結鄉大吉村,林建祥,無
村里長,宜蘭縣五結鄉協和村,黃鐙山,無
村里長,宜蘭縣三星鄉天山村,鄭玉寅,無
村里長,宜蘭縣三星鄉行健村,張文章,無
村里長,宜蘭縣三星鄉萬德村,陳長森,無
村里長,宜蘭縣三星鄉尾塹村,羅文吉,無
村里長,宜蘭縣大同鄉英士村,呂紹維,無
村里長,宜蘭縣大同鄉樂水村,高信正,無
村里長,宜蘭縣大同鄉太平村,李銘宜,無
村里長,宜蘭縣南澳鄉武塔村,曹約伯,中國國民黨
村里長,花蓮縣花蓮市民運里,林美靜,中國國民黨
村里長,花蓮縣花蓮市民族里,張東耀,中國國民黨
村里長,花蓮縣花蓮市主信里,吳健澧,中國國民黨
村里長,花蓮縣花蓮市主睦里,黃榮康,中國國民黨
村里長,花蓮縣花蓮市民意里,顏春有,中國國民黨
村里長,花蓮縣花蓮市主工里,姜梅蘭,中國國民黨
村里長,花蓮縣花蓮市國治里,林建岐,中國國民黨
村里長,花蓮縣花蓮市國富里,莊萬來,中國國民黨
村里長,花蓮縣花蓮市民勤里,黎新順,中國國民黨
村里長,花蓮縣花蓮市民生里,吳明崇,民主進步黨
村里長,花蓮縣花蓮市主商里,廖大慶,中國國民黨
村里長,花蓮縣花蓮市主學里,陳紀美雲,無
村里長,花蓮縣花蓮市國光里,魏陽進,中國國民黨
村里長,花蓮縣花蓮市國強里,吳逸仁,中國國民黨
村里長,花蓮縣花蓮市民心里,孫華祥,無
村里長,花蓮縣花蓮市民樂里,黃村吉,中國國民黨
村里長,花蓮縣花蓮市民主里,許訓瑜,中國國民黨
村里長,花蓮縣花蓮市主力里,林建成,中國國民黨
村里長,花蓮縣花蓮市國魂里,趙瑞平,中國國民黨
村里長,花蓮縣花蓮市國慶里,林群上,無
村里長,花蓮縣花蓮市民享里,徐靖縈,中國國民黨
村里長,花蓮縣花蓮市主計里,張家寧,中國國民黨
村里長,花蓮縣花蓮市國防里,黃強,無
村里長,花蓮縣花蓮市國裕里,杜曉炬,中國國民黨
村里長,花蓮縣花蓮市主安里,許時章,中國國民黨
村里長,花蓮縣花蓮市國盛里,張芝瑜,中國國民黨
村里長,花蓮縣鳳林鎮鳳義里,蕭文立,無
村里長,花蓮縣鳳林鎮鳳信里,張振華,無
村里長,花蓮縣鳳林鎮林榮里,陳嬌妹,無
村里長,花蓮縣玉里鎮啟模里,陳文祥,民主進步黨
村里長,花蓮縣玉里鎮永昌里,趙琦文,無
村里長,花蓮縣玉里鎮泰昌里,李家樑,無
村里長,花蓮縣玉里鎮長良里,陳文華,無
村里長,花蓮縣玉里鎮三民里,蔡貴富,無
村里長,花蓮縣新城鄉嘉里村,何禮鳳,中國國民黨
村里長,花蓮縣新城鄉大漢村,李添富,中國國民黨
村里長,花蓮縣吉安鄉北昌村,劉文賢,中國國民黨
村里長,花蓮縣吉安鄉永安村,郭仁添,中國國民黨
村里長,花蓮縣吉安鄉吉安村,田秀鳳,中國國民黨
村里長,花蓮縣吉安鄉福興村,黃駿緯,中國國民黨
村里長,花蓮縣吉安鄉干城村,林世昌,中國國民黨
村里長,花蓮縣吉安鄉永興村,陳源忠,中國國民黨
村里長,花蓮縣吉安鄉仁安村,廖建緯,中國國民黨
村里長,花蓮縣壽豐鄉樹湖村,彭榮華,中國國民黨
村里長,花蓮縣壽豐鄉豐裡村,鍾曜宇,無
村里長,花蓮縣壽豐鄉豐坪村,游淑霞,無
村里長,花蓮縣壽豐鄉平和村,張裕勝,無
村里長,花蓮縣光復鄉大安村,徐振雄,無
村里長,花蓮縣光復鄉大進村,林正立,無
村里長,花蓮縣光復鄉大興村,劉建榮,中國國民黨
村里長,花蓮縣光復鄉東富村,黃建桐,中國國民黨
村里長,花蓮縣光復鄉南富村,林萬德Kaniw‧Fono,中國國民黨
村里長,花蓮縣瑞穗鄉奇美村,蔣國雄,無
村里長,花蓮縣瑞穗鄉富源村,江士仁,中國國民黨
村里長,花蓮縣瑞穗鄉富興村,陳精浩,中國國民黨
村里長,花蓮縣富里鄉萬寧村,徐賢淵,無
村里長,花蓮縣富里鄉新興村,劉文祥,無
村里長,花蓮縣富里鄉竹田村,陳勝駿,無
村里長,花蓮縣秀林鄉秀林村,周賢德TmangSasak,中國國民黨
村里長,花蓮縣萬榮鄉紅葉村,呂明堅,無
村里長,花蓮縣卓溪鄉崙山村,宋輝國,中國國民黨
村里長,臺東縣臺東市富岡里,曾阿粉,中國國民黨
村里長,臺東縣臺東市岩灣里,易桂美,中國國民黨
村里長,臺東縣臺東市新生里,陳嵩志,無
村里長,臺東縣臺東市自強里,吳秋蘭,無
村里長,臺東縣臺東市民族里,吳宗益,無
村里長,臺東縣臺東市新園里,陳輝宗,無
村里長,臺東縣臺東市豐年里,張瑞武,中國國民黨
村里長,臺東縣臺東市光明里,曾淑美,中國國民黨
村里長,臺東縣臺東市永樂里,張克帆,無
村里長,臺東縣臺東市豐谷里,賴允文,中國國民黨
村里長,臺東縣臺東市建和里,林維忠,無
村里長,臺東縣臺東市建農里,林金寶,中國國民黨
村里長,臺東縣成功鎮信義里,黃正宏,無
村里長,臺東縣關山鎮豐泉里,湯榮洸,無
村里長,臺東縣關山鎮里壠里,吳慶郎,中國國民黨
村里長,臺東縣關山鎮月眉里,黎光祥,無
村里長,臺東縣卑南鄉富山村,黃文明,無
村里長,臺東縣卑南鄉利嘉村,林肯毅,中國國民黨
村里長,臺東縣卑南鄉東興村,陳興榮,無
村里長,臺東縣鹿野鄉瑞源村,劉進金,無
村里長,臺東縣池上鄉福文村,林煥恭,無
村里長,臺東縣池上鄉錦園村,李永善,無
村里長,臺東縣東河鄉北源村,李重民,中國國民黨
村里長,臺東縣東河鄉尚德村,陳其清,無
村里長,臺東縣東河鄉興昌村,林憲身,中國國民黨
村里長,臺東縣太麻里鄉美和村,陳進盛,無
村里長,臺東縣太麻里鄉三和村,李忠川,無
村里長,臺東縣太麻里鄉華源村,張清良,無
村里長,臺東縣太麻里鄉北里村,楊昌哲,無
村里長,臺東縣太麻里鄉泰和村,賴美連,無
村里長,臺東縣太麻里鄉香蘭村,蕭惠明,無
村里長,臺東縣大武鄉大武村,董炎輝,無
村里長,臺東縣綠島鄉公舘村,王勝德,無
村里長,臺東縣綠島鄉中寮村,蔡勝榮,無
村里長,臺東縣金峰鄉新興村,王大龍,無
村里長,臺東縣金峰鄉正興村,高成良,中國國民黨
村里長,臺東縣蘭嶼鄉東清村,張進發,無
村里長,臺東縣蘭嶼鄉椰油村,張吉田,無
村里長,澎湖縣馬公市復興里,紀招治,中國國民黨
村里長,澎湖縣馬公市長安里,楊嘉鵬,無
村里長,澎湖縣馬公市重慶里,葉建祿,無
村里長,澎湖縣馬公市中興里,黃永安,中國國民黨
村里長,澎湖縣馬公市陽明里,黃信義,中國國民黨
村里長,澎湖縣馬公市西衛里,藍銘洲,無
村里長,澎湖縣馬公市光華里,蔡武智,無
村里長,澎湖縣馬公市石泉里,陳召君,無
村里長,澎湖縣馬公市興仁里,王太平,無
村里長,澎湖縣馬公市鐵線里,陳順志,無
村里長,澎湖縣馬公市虎井里,陳大川,無
村里長,澎湖縣馬公市桶盤里,蘇德成,無
村里長,澎湖縣湖西鄉湖西村,辛天澤,無
村里長,澎湖縣湖西鄉湖東村,許政忠,無
村里長,澎湖縣湖西鄉南寮村,趙浚彬,無
村里長,澎湖縣湖西鄉成功村,蕭文瑞,無
村里長,澎湖縣湖西鄉鼎灣村,洪良利,無
村里長,澎湖縣湖西鄉城北村,王明忠,中國國民黨
村里長,澎湖縣湖西鄉隘門村,洪聰權,無
村里長,澎湖縣湖西鄉龍門村,洪瑞達,無
村里長,澎湖縣湖西鄉菓葉村,許見興,無
村里長,澎湖縣白沙鄉城前村,蕭煒仕,無
村里長,澎湖縣白沙鄉鎮海村,陳文淵,無
村里長,澎湖縣白沙鄉岐頭村,陳志勇,無
村里長,澎湖縣白沙鄉赤崁村,黃禮聰,無
村里長,澎湖縣白沙鄉鳥嶼村,魏錫銘,無
村里長,澎湖縣白沙鄉員貝村,陳天瑞,無
村里長,澎湖縣白沙鄉大倉村,鄭尊任,無
村里長,澎湖縣西嶼鄉小門村,章娥,無
村里長,澎湖縣西嶼鄉竹灣村,許進清,無
村里長,澎湖縣西嶼鄉大池村,顏光前,無
村里長,澎湖縣西嶼鄉二崁村,陳昭回,無
村里長,澎湖縣西嶼鄉赤馬村,蔡榮利,無
村里長,澎湖縣望安鄉東安村,許大信,無
村里長,澎湖縣望安鄉西安村,許清上,無
村里長,澎湖縣望安鄉將軍村,陳郭梅鉛,無
村里長,澎湖縣望安鄉東坪村,呂東昇,無
村里長,澎湖縣望安鄉西坪村,陳森煌,無
村里長,澎湖縣望安鄉花嶼村,王玉英,無
村里長,澎湖縣七美鄉東湖村,陳北川,無
村里長,澎湖縣七美鄉西湖村,呂汶駿,無
村里長,澎湖縣七美鄉中和村,李清石,中國國民黨
村里長,澎湖縣七美鄉平和村,陳吉財,無
村里長,澎湖縣七美鄉海豐村,顏鈺穎,無
村里長,澎湖縣七美鄉南港村,夏臨福,無
村里長,金門縣金城鎮北門里,許績才,中國國民黨
村里長,金門縣金城鎮珠沙里,戴德強,中國國民黨
村里長,金門縣金沙鎮汶沙里,張瀚龍,無
村里長,金門縣金沙鎮官嶼里,楊恭勤,中國國民黨
村里長,金門縣金湖鎮新市里,吳孟霖,無
村里長,金門縣金湖鎮溪湖里,黃建忠,無
村里長,金門縣金寧鄉古寧村,李開陣,中國國民黨
村里長,金門縣金寧鄉安美村,許三進,中國國民黨
村里長,金門縣金寧鄉后盤村,許明吉,中國國民黨
村里長,金門縣金寧鄉湖埔村,楊振嵩,中國國民黨
村里長,金門縣金寧鄉榜林村,楊龍傳,中國國民黨
村里長,金門縣烈嶼鄉上岐村,洪天南,無
村里長,金門縣烈嶼鄉上林村,林建進,無
村里長,金門縣烏坵鄉大坵村,陳淑珠,無
村里長,金門縣烏坵鄉小坵村,莊金蓮,無
村里長,連江縣南竿鄉復興村,曹爾嵐,中國國民黨
村里長,連江縣南竿鄉仁愛村,黃寶清,中國國民黨
村里長,連江縣南竿鄉津沙村,劉用順,無
村里長,連江縣南竿鄉馬祖村,陳智偉,中國國民黨
村里長,連江縣南竿鄉珠螺村,陳常玉,中國國民黨
村里長,連江縣南竿鄉四維村,侯全寶,中國國民黨
村里長,連江縣北竿鄉塘岐村,林建中,中國國民黨
村里長,連江縣北竿鄉后沃村,陳鈺麟,中國國民黨
村里長,連江縣北竿鄉坂里村,王禮好,中國國民黨
村里長,連江縣莒光鄉青帆村,陳秉傑,中國國民黨
村里長,連江縣莒光鄉田沃村,陳道勳,中國國民黨
村里長,連江縣莒光鄉西坵村,陳家信,無
村里長,連江縣莒光鄉福正村,鄭光武,中國國民黨
村里長,基隆市中正區德義里,張建源,無
村里長,基隆市中正區信義里,江添丁,無
村里長,基隆市中正區義重里,林世英,無
村里長,基隆市中正區入船里,郭蒼成,無
村里長,基隆市中正區中砂里,廖文雄,無
村里長,基隆市中正區砂灣里,簡曉東,中國國民黨
村里長,基隆市中正區中濱里,謝家榮,無
村里長,基隆市中正區和憲里,蘇來成,無
村里長,基隆市中正區平寮里,蔡淑貞,無
村里長,基隆市中正區八斗里,杜劍秋,無
村里長,基隆市中正區碧砂里,黃志強,中國國民黨
村里長,基隆市中正區長潭里,鍾麗美,無
村里長,基隆市中正區中正里,梁火龍,無
村里長,基隆市中正區正濱里,林耀基,中國國民黨
村里長,基隆市中正區新豐里,丁麗娜,無
村里長,基隆市七堵區永安里,陳君治,無
村里長,基隆市七堵區八德里,余文財,無
村里長,基隆市七堵區自強里,張仁化,無
村里長,基隆市七堵區泰安里,詹仁豪,無
村里長,基隆市七堵區堵南里,余佩儒,無
村里長,基隆市七堵區瑪西里,陳美雲,無
村里長,基隆市七堵區百福里,何孟翰,無
村里長,基隆市暖暖區碇內里,林錦隆,無
村里長,基隆市暖暖區碇和里,林香,無
村里長,基隆市暖暖區碇安里,余冠龍,無
村里長,基隆市仁愛區花崗里,姜永國,無
村里長,基隆市仁愛區虹橋里,李碧霞,無
村里長,基隆市仁愛區和明里,陳建平,無
村里長,基隆市仁愛區忠勇里,林羅清梅,無
村里長,基隆市仁愛區福仁里,林木火,無
村里長,基隆市仁愛區誠仁里,洪棟全,無
村里長,基隆市仁愛區曲水里,徐鄭麗鳳,無
村里長,基隆市仁愛區文安里,李隆進,無
村里長,基隆市仁愛區兆連里,潘國龍,中國國民黨
村里長,基隆市仁愛區獅球里,林錦榮,無
村里長,基隆市仁愛區文昌里,王明清,無
村里長,基隆市仁愛區新店里,陳祐益,無
村里長,基隆市仁愛區光華里,陳世豐,無
村里長,基隆市中山區安平里,楊榮豐,無
村里長,基隆市中山區中山里,羅予廷,無
村里長,基隆市中山區中興里,李進發,無
村里長,基隆市中山區通化里,徐麗玲,無
村里長,基隆市中山區仙洞里,何銘松,無
村里長,基隆市中山區西華里,陳柏豪,無
村里長,基隆市中山區中和里,蘇彩雪,無
村里長,基隆市安樂區定邦里,林惠蓮,無
村里長,基隆市安樂區干城里,俞秀真,中國國民黨
村里長,基隆市安樂區嘉仁里,王貴美,無
村里長,基隆市安樂區樂一里,楊德成,無
村里長,基隆市安樂區新崙里,林金龍,無
村里長,基隆市安樂區五福里,舒瑞利,無
村里長,基隆市安樂區六合里,潘德發,無
村里長,基隆市安樂區武崙里,李文財,無
村里長,基隆市安樂區長樂里,張德發,無
村里長,基隆市信義區仁義里,王柏力,中國國民黨
村里長,基隆市信義區義昭里,童冠睿,無
村里長,基隆市信義區義幸里,李王環,無
村里長,基隆市信義區義和里,蔡麗月,民主進步黨
村里長,基隆市信義區智慧里,蔡美玉,無
村里長,基隆市信義區智誠里,何希華,無
村里長,基隆市信義區禮東里,賴興泉,中國國民黨
村里長,基隆市信義區東安里,林睿騰,中國國民黨
村里長,基隆市信義區孝岡里,吳石金,無
村里長,基隆市信義區孝賢里,莊琬琳,中國國民黨
村里長,基隆市信義區孝德里,朱志偉,無
村里長,新竹市東區南門里,沈雄輝,無
村里長,新竹市東區福德里,陳嘉福,無
村里長,新竹市東區關帝里,李文桂,無
村里長,新竹市東區榮光里,張雲錦,無
村里長,新竹市東區成功里,林俊縢,無
村里長,新竹市東區振興里,呂賢輝,無
村里長,新竹市東區復中里,王峯清,中國國民黨
村里長,新竹市東區東園里,張麗芬,無
村里長,新竹市東區豐功里,翁秀瓊,中國國民黨
村里長,新竹市東區武功里,陳海鋒,中國國民黨
村里長,新竹市東區綠水里,黃千芳,無
村里長,新竹市東區光鎮里,莊金清,無
村里長,新竹市東區光明里,趙強,中國國民黨
村里長,新竹市東區立功里,郭天寶,中國國民黨
村里長,新竹市東區軍功里,潘柏璋,中國國民黨
村里長,新竹市東區建功里,邱漢奇,中國國民黨
村里長,新竹市東區前溪里,温文泰,無
村里長,新竹市東區水源里,曾翰揚,民主進步黨
村里長,新竹市東區千甲里,曾資強,無
村里長,新竹市東區關東里,徐水蓮,無
村里長,新竹市東區明湖里,林汶蓉,無
村里長,新竹市東區關新里,黃雅卿,無
村里長,新竹市北區西門里,曾再霖,無
村里長,新竹市北區中央里,彭垂東,無
村里長,新竹市北區石坊里,彭陳玉真,無
村里長,新竹市北區中興里,黃丞廷,無
村里長,新竹市北區長和里,楊金土,無
村里長,新竹市北區新民里,張金潔,無
村里長,新竹市北區民富里,沈朝旺,無
村里長,新竹市北區光田里,莊火炎,無
村里長,新竹市北區康樂里,林再興,無
村里長,新竹市北區港北里,曾欽裕,無
村里長,新竹市北區大鵬里,王立業,無
村里長,新竹市北區境福里,曾發,無
村里長,新竹市北區磐石里,林輝雄,無
村里長,新竹市北區光華里,張慶榮,無
村里長,新竹市北區金華里,李文中,無
村里長,新竹市北區台溪里,謝金財,無
村里長,新竹市香山區虎山里,彭炫榮,無
村里長,新竹市香山區虎林里,黃郁淳,無
村里長,新竹市香山區浸水里,楊松棋,無
村里長,新竹市香山區大湖里,曾一德,無
村里長,新竹市香山區內湖里,王斌展,無
村里長,新竹市香山區鹽水里,陳文榮,無
村里長,嘉義市東區荖藤里,許雪賢,無
村里長,嘉義市東區新店里,鄭苡芹,無
村里長,嘉義市東區後庄里,許益銨,無
村里長,嘉義市東區太平里,施欣成,無
村里長,嘉義市東區長竹里,江振章,無
村里長,嘉義市東區短竹里,凃淑慧,中國國民黨
村里長,嘉義市東區豐年里,許美英,無
村里長,嘉義市東區芳草里,劉丙伍,中國國民黨
村里長,嘉義市東區興仁里,呂文章,無
村里長,嘉義市東區民族里,劉宗源,中國國民黨
村里長,嘉義市東區朝陽里,吳張秀英,無
村里長,嘉義市東區華南里,蔡國樑,無
村里長,嘉義市東區東興里,張家銀,無
村里長,嘉義市東區中山里,歐陽明,無
村里長,嘉義市東區北門里,洪義松,無
村里長,嘉義市東區蘭潭里,林砡朱,中國國民黨
村里長,嘉義市東區安業里,連淑雲,中國國民黨
村里長,嘉義市東區義教里,謝雪芳,無
村里長,嘉義市西區香湖里,郭劉秀珠,無
村里長,嘉義市西區北榮里,黄福林,無
村里長,嘉義市西區保安里,李憲桐,無
村里長,嘉義市西區竹村里,蕭慶順,無
村里長,嘉義市西區福全里,蕭建林,無
村里長,嘉義市西區新西里,楊文玲,無
村里長,嘉義市西區垂楊里,黃琮榮,中國國民黨
村里長,嘉義市西區福民里,陳金川,無
村里長,嘉義市西區湖內里,黃正一,中國國民黨
村里長,嘉義市西區育英里,林峯輝,無
村里長,嘉義市西區光路里,林昇賢,無
村里長,嘉義市西區翠岱里,陳金虎,中國國民黨
村里長,嘉義市西區永和里,蔡宗坤,無
村里長,嘉義市西區新富里,廖淑玲,無
村里長,嘉義市西區文化里,陳淑娥,無
村里長,嘉義市西區國華里,葉勝利,無
村里長,嘉義市西區番社里,鄭秀玉,無
村里長,嘉義市西區後驛里,陳其生,無
村里長,嘉義市西區獅子里,吳名城,無
村里長,嘉義市西區保福里,李振煌,無
