新竹縣竹北市第1選舉區,范格菱,1
新竹縣竹北市第1選舉區,張美珠,2
新竹縣竹北市第1選舉區,林祺烜,3
新竹縣竹北市第1選舉區,吳信諭,4
新竹縣竹北市第1選舉區,林俊智,5
新竹縣竹北市第1選舉區,戴佩如,6
新竹縣竹北市第1選舉區,范佩瑤,7
新竹縣竹北市第1選舉區,張志偉,8
新竹縣竹北市第1選舉區,彭竣志,9
新竹縣竹北市第1選舉區,陳金湟,10
新竹縣竹北市第1選舉區,范光禮,11
新竹縣竹北市第1選舉區,洪瑞瑾,12
新竹縣竹北市第1選舉區,賴開隆,13
新竹縣竹北市第1選舉區,陳禹同,14
新竹縣竹北市第1選舉區,楊朝凱,15
新竹縣竹北市第1選舉區,陳秀玲,16
新竹縣竹北市第1選舉區,林維洲,17
新竹縣竹北市第1選舉區,曾玉菱,18
新竹縣竹北市第1選舉區,陳昭志,19
新竹縣竹北市第1選舉區,林宇洋,20
新竹縣竹北市第2選舉區,黃楷傑,1
新竹縣竹北市第2選舉區,徐水鐘,2
新竹縣竹北市第2選舉區,江宥德,3
新竹縣竹北市第2選舉區,游雅婷,4
新竹縣竹北市第2選舉區,曾美琴,5
新竹縣竹北市第2選舉區,鄭建村,6
新竹縣竹北市第2選舉區,曾慶煒,7
新竹縣竹北市第2選舉區,邵啟月,8
新竹縣竹北市第2選舉區,陳意銓,9
新竹縣竹北市第2選舉區,林啟賢,10
新竹縣竹北市第2選舉區,楊瑞蘭,11
新竹縣竹北市第2選舉區,何宜芯,12
新竹縣竹北市第2選舉區,湯宏正,13
新竹縣竹北市第3選舉區,葉信輝,1
新竹縣竹北市第3選舉區,江瑩林,2
新竹縣竹北市第3選舉區,鄭慶源,3
新竹縣竹北市第4選舉區,蔡文苑,1
新竹縣竹北市第4選舉區,黃俊憲,2
新竹縣竹北市第4選舉區,曾祐宸,3
新竹縣竹東鎮第1選舉區,陳芳畇,1
新竹縣竹東鎮第1選舉區,梁鐘銘,2
新竹縣竹東鎮第1選舉區,蕭雲浪,3
新竹縣竹東鎮第1選舉區,彭金賢,4
新竹縣竹東鎮第2選舉區,陳達琳,1
新竹縣竹東鎮第2選舉區,陳役州,2
新竹縣竹東鎮第2選舉區,葉日嘉,3
新竹縣竹東鎮第2選舉區,范國威,4
新竹縣竹東鎮第3選舉區,葉姵宇,1
新竹縣竹東鎮第3選舉區,陳昌平,2
新竹縣竹東鎮第3選舉區,蕭文甫,3
新竹縣竹東鎮第3選舉區,李秀容,4
新竹縣竹東鎮第3選舉區,賴送能,5
新竹縣竹東鎮第3選舉區,劉興涼,6
新竹縣竹東鎮第4選舉區,吳俊民,1
新竹縣竹東鎮第4選舉區,麥美芝,2
新竹縣竹東鎮第4選舉區,吳棋鴻,3
新竹縣竹東鎮第4選舉區,陳志勇,4
新竹縣竹東鎮第4選舉區,林朝政,5
新竹縣竹東鎮第4選舉區,徐呂麗琴,6
新竹縣竹東鎮第4選舉區,鍾心渝,7
新竹縣竹東鎮第4選舉區,林裙靜,8
新竹縣新埔鎮第1選舉區,劉得宇,1
新竹縣新埔鎮第1選舉區,姜鳳秋,2
新竹縣新埔鎮第1選舉區,林月琴,3
新竹縣新埔鎮第1選舉區,林祺棠,4
新竹縣新埔鎮第1選舉區,陳賢榮,5
新竹縣新埔鎮第1選舉區,劉禎忠,6
新竹縣新埔鎮第1選舉區,鄧永勝,7
新竹縣新埔鎮第1選舉區,張源勝,8
新竹縣新埔鎮第1選舉區,葉明輝,9
新竹縣新埔鎮第1選舉區,張秀桃,10
新竹縣新埔鎮第2選舉區,馮天鍾,1
新竹縣新埔鎮第2選舉區,彭成茂,2
新竹縣新埔鎮第2選舉區,范振葵,3
新竹縣新埔鎮第2選舉區,朱文良,4
新竹縣新埔鎮第3選舉區,蔡錦堂,1
新竹縣新埔鎮第3選舉區,陳東勇,2
新竹縣新埔鎮第3選舉區,王增基,3
新竹縣新埔鎮第4選舉區,林益賢,1
新竹縣新埔鎮第4選舉區,邱炳戊,2
新竹縣新埔鎮第4選舉區,陳宣蒼,3
新竹縣關西鎮第1選舉區,邱霈語,1
新竹縣關西鎮第1選舉區,林東旺,2
新竹縣關西鎮第1選舉區,鍾國強,3
新竹縣關西鎮第1選舉區,張秋竹,4
新竹縣關西鎮第1選舉區,羅仕典,5
新竹縣關西鎮第1選舉區,陳忠國,6
新竹縣關西鎮第1選舉區,彭兆銘,7
新竹縣關西鎮第1選舉區,詹羅燈,8
新竹縣關西鎮第2選舉區,羅智仁,1
新竹縣關西鎮第2選舉區,周得熙,2
新竹縣關西鎮第2選舉區,蔡睿騰,3
新竹縣關西鎮第2選舉區,彭鋆騏,4
新竹縣關西鎮第2選舉區,陳盛德,5
新竹縣關西鎮第2選舉區,羅吉仁,6
新竹縣關西鎮第2選舉區,呂煥理,7
新竹縣關西鎮第2選舉區,葉來富,8
新竹縣關西鎮第3選舉區,葉雲凱,1
新竹縣關西鎮第3選舉區,連忠進,2
新竹縣關西鎮第4選舉區,葉文燈,1
新竹縣關西鎮第4選舉區,黃淼霖,2
新竹縣關西鎮第4選舉區,李常棟,3
新竹縣關西鎮第4選舉區,范良宇,4
新竹縣關西鎮第4選舉區,嚴永海,5
新竹縣湖口鄉第1選舉區,張春香,1
新竹縣湖口鄉第1選舉區,巫光生,2
新竹縣湖口鄉第1選舉區,羅國湧,3
新竹縣湖口鄉第1選舉區,陳基曜,4
新竹縣湖口鄉第2選舉區,袁美雲,1
新竹縣湖口鄉第2選舉區,羅瑞珠,2
新竹縣湖口鄉第2選舉區,林春?,3
新竹縣湖口鄉第2選舉區,鄭家欣,4
新竹縣湖口鄉第2選舉區,湯文忠,5
新竹縣湖口鄉第2選舉區,戴貴香,6
新竹縣湖口鄉第2選舉區,葉時優,7
新竹縣湖口鄉第2選舉區,吳德富,8
新竹縣湖口鄉第3選舉區,周德竹,1
新竹縣湖口鄉第3選舉區,古鴻?,2
新竹縣湖口鄉第3選舉區,翁紹軒,3
新竹縣湖口鄉第3選舉區,張衡堂,4
新竹縣湖口鄉第3選舉區,陳凱龍,5
新竹縣湖口鄉第4選舉區,劉昌榮,1
新竹縣湖口鄉第4選舉區,詹益祿,2
新竹縣新豐鄉第1選舉區,范朝生,1
新竹縣新豐鄉第1選舉區,余冠宏,2
新竹縣新豐鄉第1選舉區,羅時乾,3
新竹縣新豐鄉第2選舉區,官進賢,1
新竹縣新豐鄉第2選舉區,許家榮,2
新竹縣新豐鄉第3選舉區,林茂青,1
新竹縣新豐鄉第3選舉區,黃鴻澄,2
新竹縣新豐鄉第4選舉區,姜政焜,1
新竹縣新豐鄉第4選舉區,鍾秀菊,2
新竹縣新豐鄉第4選舉區,許錦煙,3
新竹縣新豐鄉第4選舉區,甘淑娥,4
新竹縣新豐鄉第4選舉區,田鼎睿,5
新竹縣新豐鄉第4選舉區,葉高潔,6
新竹縣芎林鄉第1選舉區,朱乾松,1
新竹縣芎林鄉第1選舉區,賴震洲,2
新竹縣芎林鄉第2選舉區,陳星宏,1
新竹縣芎林鄉第2選舉區,范振乾,2
新竹縣芎林鄉第3選舉區,劉興振,1
新竹縣芎林鄉第3選舉區,黃東丸,2
新竹縣芎林鄉第3選舉區,姜禮銘,3
新竹縣芎林鄉第4選舉區,彭信康,1
新竹縣芎林鄉第4選舉區,劉自展,2
新竹縣芎林鄉第4選舉區,林彭玉連,3
新竹縣芎林鄉第4選舉區,劉展源,4
新竹縣芎林鄉第4選舉區,魏賢祥,5
新竹縣芎林鄉第4選舉區,黃政宏,6
新竹縣芎林鄉第4選舉區,劉名揚,7
新竹縣橫山鄉第1選舉區,古鋓明,1
新竹縣橫山鄉第1選舉區,韓定勳,2
新竹縣橫山鄉第1選舉區,黃維漢,3
新竹縣橫山鄉第1選舉區,徐文娟,4
新竹縣橫山鄉第1選舉區,邱浩然,5
新竹縣橫山鄉第1選舉區,李麗英,6
新竹縣橫山鄉第1選舉區,彭昌智,7
新竹縣橫山鄉第2選舉區,麥瑞鳳,1
新竹縣橫山鄉第2選舉區,陳文亮,2
新竹縣橫山鄉第2選舉區,徐洪正,3
新竹縣橫山鄉第2選舉區,許英棋,4
新竹縣橫山鄉第2選舉區,巫江銘,5
新竹縣橫山鄉第2選舉區,張瑞蘭,6
新竹縣橫山鄉第2選舉區,葉樹沿,7
新竹縣橫山鄉第2選舉區,羅世達,8
新竹縣橫山鄉第3選舉區,羅金城,1
新竹縣橫山鄉第3選舉區,朱陳源,2
新竹縣橫山鄉第3選舉區,劉修汀,3
新竹縣橫山鄉第4選舉區,張智傑,1
新竹縣橫山鄉第4選舉區,鄒信槿,2
新竹縣北埔鄉第1選舉區,吳聲煒,1
新竹縣北埔鄉第1選舉區,陳姜玉蘭,2
新竹縣北埔鄉第1選舉區,彭孟錫,3
新竹縣北埔鄉第1選舉區,溫庭枋,4
新竹縣北埔鄉第2選舉區,楊菊枝,1
新竹縣北埔鄉第2選舉區,李亭寬,2
新竹縣北埔鄉第2選舉區,楊師昇,3
新竹縣北埔鄉第2選舉區,林秀菊,4
新竹縣北埔鄉第2選舉區,徐鏡明,5
新竹縣北埔鄉第2選舉區,林六郎,6
新竹縣北埔鄉第2選舉區,彭鳳琴,7
新竹縣北埔鄉第3選舉區,李瑞玉,1
新竹縣寶山鄉第1選舉區,陳秀霞,1
新竹縣寶山鄉第1選舉區,葉秀桃,2
新竹縣寶山鄉第1選舉區,陳賢裕,3
新竹縣寶山鄉第1選舉區,呂陳璋,4
新竹縣寶山鄉第1選舉區,林寶全,5
新竹縣寶山鄉第1選舉區,何孟成,6
新竹縣寶山鄉第1選舉區,林順生,7
新竹縣寶山鄉第1選舉區,鍾嘉祐,8
新竹縣寶山鄉第1選舉區,何時名,9
新竹縣寶山鄉第1選舉區,陳昌鈐,10
新竹縣寶山鄉第2選舉區,曾文瑜,1
新竹縣寶山鄉第2選舉區,李榮?,2
新竹縣寶山鄉第2選舉區,陳東平,3
新竹縣寶山鄉第2選舉區,鍾進財,4
新竹縣寶山鄉第3選舉區,古仁樺,1
新竹縣寶山鄉第4選舉區,蘇敬豈,1
新竹縣寶山鄉第4選舉區,黃秀珠,2
新竹縣峨眉鄉第1選舉區,黎侑昌,1
新竹縣峨眉鄉第1選舉區,王詩樊,2
新竹縣峨眉鄉第1選舉區,彭添增,3
新竹縣峨眉鄉第1選舉區,鍾正隆,4
新竹縣峨眉鄉第1選舉區,徐明憲,5
新竹縣峨眉鄉第2選舉區,陳美玲,1
新竹縣峨眉鄉第2選舉區,何秋香,2
新竹縣峨眉鄉第2選舉區,?修汝,3
新竹縣峨眉鄉第2選舉區,莊少雀,4
新竹縣尖石鄉第1選舉區,高忠正,1
新竹縣尖石鄉第1選舉區,許清光,2
新竹縣尖石鄉第1選舉區,陳沺宇,3
新竹縣尖石鄉第2選舉區,楊春貴,1
新竹縣尖石鄉第2選舉區,黃比德,2
新竹縣尖石鄉第2選舉區,鍾孝順,3
新竹縣尖石鄉第2選舉區,田仲華,4
新竹縣尖石鄉第2選舉區,徐健福,5
新竹縣尖石鄉第2選舉區,曾有發,6
新竹縣尖石鄉第2選舉區,曾水生,7
新竹縣尖石鄉第3選舉區,?武雄,1
新竹縣尖石鄉第3選舉區,曾榮義,2
新竹縣尖石鄉第3選舉區,佛度布待,3
新竹縣尖石鄉第3選舉區,林愛珍,4
新竹縣尖石鄉第3選舉區,馬沙巴浪,5
新竹縣尖石鄉第3選舉區,徐大衛,6
新竹縣尖石鄉第3選舉區,廖英雄,7
新竹縣尖石鄉第3選舉區,范中強,8
新竹縣五峰鄉第1選舉區,林福財,1
新竹縣五峰鄉第1選舉區,林立峰,2
新竹縣五峰鄉第1選舉區,萬盛雄,3
新竹縣五峰鄉第1選舉區,趙春玉,4
新竹縣五峰鄉第2選舉區,張定國,1
新竹縣五峰鄉第2選舉區,凱撒巴燕,2
新竹縣五峰鄉第2選舉區,秋智勇,3
新竹縣五峰鄉第2選舉區,彭武藏,4
新竹縣五峰鄉第2選舉區,秋美玉,5
新竹縣五峰鄉第2選舉區,曾聰源,6
新竹縣五峰鄉第2選舉區,喇藺·猶命 Laling?Yumin,7
新竹縣五峰鄉第2選舉區,陳禮正,8
新竹縣五峰鄉第3選舉區,游欽誠,1
新竹縣五峰鄉第3選舉區,劉欣怡,2
新竹縣五峰鄉第3選舉區,陳元彪,3
新竹縣五峰鄉第3選舉區,高詠恩,4
新竹縣五峰鄉第3選舉區,彭雅各,5
新竹縣五峰鄉第3選舉區,陳立達 Laysa?Taymu,6
苗栗縣苗栗市第1選舉區,黃文琴,1
苗栗縣苗栗市第1選舉區,梁嬌雪,2
苗栗縣苗栗市第1選舉區,楊雲亭,3
苗栗縣苗栗市第1選舉區,劉圓蘭,4
苗栗縣苗栗市第1選舉區,李肇文,5
苗栗縣苗栗市第2選舉區,王封台,1
苗栗縣苗栗市第2選舉區,朱毅君,2
苗栗縣苗栗市第2選舉區,黃國建,3
苗栗縣苗栗市第2選舉區,魏誠良,4
苗栗縣苗栗市第2選舉區,陳詩梵,5
苗栗縣苗栗市第2選舉區,葉誠祖,6
苗栗縣苗栗市第2選舉區,江弘琪,7
苗栗縣苗栗市第3選舉區,黃畯和,1
苗栗縣苗栗市第3選舉區,劉秀蘭,2
苗栗縣苗栗市第3選舉區,楊得君,3
苗栗縣苗栗市第3選舉區,謝長慶,4
苗栗縣苗栗市第3選舉區,伍勝滐,5
苗栗縣苗栗市第3選舉區,呂文松,6
苗栗縣苗栗市第3選舉區,曾秋桃,7
苗栗縣苗栗市第3選舉區,謝汶秀,8
苗栗縣苗栗市第3選舉區,鄧兆達,9
苗栗縣苗栗市第3選舉區,劉岳泓,10
苗栗縣苗栗市第4選舉區,謝承恩,1
苗栗縣苗栗市第4選舉區,陳仁杰,2
苗栗縣苗栗市第4選舉區,梅雯霞,3
苗栗縣苗栗市第4選舉區,李建宏,4
苗栗縣苗栗市第4選舉區,劉鳳瑩,5
苗栗縣苗栗市第4選舉區,彭國平,6
苗栗縣苗栗市第4選舉區,黃錦瑞,7
苗栗縣苗栗市第4選舉區,蘇文霸,8
苗栗縣苗栗市第4選舉區,張文勇,9
苗栗縣苑裡鎮第1選舉區,郭汶沂,1
苗栗縣苑裡鎮第1選舉區,張琦享,2
苗栗縣苑裡鎮第1選舉區,呂景文,3
苗栗縣苑裡鎮第1選舉區,鄭暉煌,4
苗栗縣苑裡鎮第1選舉區,蔡明芳,5
苗栗縣苑裡鎮第1選舉區,張素英,6
苗栗縣苑裡鎮第1選舉區,洪晃琦,7
苗栗縣苑裡鎮第1選舉區,張平奇,8
苗栗縣苑裡鎮第1選舉區,吳若安,9
苗栗縣苑裡鎮第1選舉區,王建鑫,10
苗栗縣苑裡鎮第2選舉區,江世坤,1
苗栗縣苑裡鎮第2選舉區,張文財,2
苗栗縣苑裡鎮第2選舉區,鄭明園,3
苗栗縣苑裡鎮第2選舉區,賴政瑞,4
苗栗縣苑裡鎮第3選舉區,詹昌勳,1
苗栗縣苑裡鎮第3選舉區,陳基寶,2
苗栗縣苑裡鎮第3選舉區,林俊廷,3
苗栗縣苑裡鎮第3選舉區,黃永岡,4
苗栗縣苑裡鎮第3選舉區,劉國成,5
苗栗縣通霄鎮第1選舉區,吳昭興,1
苗栗縣通霄鎮第1選舉區,徐學承,2
苗栗縣通霄鎮第1選舉區,徐鈺婷,3
苗栗縣通霄鎮第1選舉區,林月鳳,4
苗栗縣通霄鎮第1選舉區,吳珮均,5
苗栗縣通霄鎮第1選舉區,蘇連泉,6
苗栗縣通霄鎮第1選舉區,繆宗翰,7
苗栗縣通霄鎮第1選舉區,鄭國雄,8
苗栗縣通霄鎮第2選舉區,吳嘉星,1
苗栗縣通霄鎮第2選舉區,翁英雄,2
苗栗縣通霄鎮第2選舉區,曾潤祥,3
苗栗縣通霄鎮第3選舉區,徐淑雲,1
苗栗縣通霄鎮第3選舉區,陳志豪,2
苗栗縣通霄鎮第3選舉區,曾榮銓,3
苗栗縣通霄鎮第3選舉區,邱日亮,4
苗栗縣通霄鎮第3選舉區,曾榮民,5
苗栗縣通霄鎮第4選舉區,呂金穎,1
苗栗縣通霄鎮第4選舉區,黃啟森,2
苗栗縣通霄鎮第4選舉區,駱義明,3
苗栗縣竹南鎮第1選舉區,王竟倫,1
苗栗縣竹南鎮第1選舉區,陳文鋒,2
苗栗縣竹南鎮第1選舉區,劉少琪,3
苗栗縣竹南鎮第1選舉區,林武宗,4
苗栗縣竹南鎮第1選舉區,蔡津照,5
苗栗縣竹南鎮第1選舉區,陳奕臻,6
苗栗縣竹南鎮第2選舉區,孟豫中,1
苗栗縣竹南鎮第2選舉區,陳玉家,2
苗栗縣竹南鎮第2選舉區,邱炳琦,3
苗栗縣竹南鎮第2選舉區,林進明,4
苗栗縣竹南鎮第2選舉區,陳志平,5
苗栗縣竹南鎮第2選舉區,洪榮標,6
苗栗縣竹南鎮第2選舉區,何秀綿,7
苗栗縣竹南鎮第2選舉區,邱進旺,8
苗栗縣竹南鎮第2選舉區,陳永明,9
苗栗縣竹南鎮第2選舉區,葉秀賢,10
苗栗縣竹南鎮第2選舉區,陳幸義,11
苗栗縣竹南鎮第3選舉區,陳嘉榮,1
苗栗縣竹南鎮第3選舉區,陳萬典,2
苗栗縣竹南鎮第3選舉區,李城,3
苗栗縣竹南鎮第3選舉區,許崇傑,4
苗栗縣竹南鎮第4選舉區,陳喬安,1
苗栗縣竹南鎮第4選舉區,張中和,2
苗栗縣竹南鎮第4選舉區,林家渝,3
苗栗縣竹南鎮第4選舉區,連清萬,4
苗栗縣頭份市第1選舉區,羅文豐,1
苗栗縣頭份市第1選舉區,張修銘,2
苗栗縣頭份市第1選舉區,張文政,3
苗栗縣頭份市第1選舉區,劉冠辰,4
苗栗縣頭份市第1選舉區,黃宣乾,5
苗栗縣頭份市第1選舉區,劉宇哲,6
苗栗縣頭份市第2選舉區,?宜靜,1
苗栗縣頭份市第2選舉區,蘇信安,2
苗栗縣頭份市第2選舉區,周訓宇,3
苗栗縣頭份市第2選舉區,張愛炫,4
苗栗縣頭份市第2選舉區,鍾振池,5
苗栗縣頭份市第2選舉區,薛慶光,6
苗栗縣頭份市第3選舉區,張家榮,1
苗栗縣頭份市第3選舉區,白珠珍,2
苗栗縣頭份市第3選舉區,邱義智,3
苗栗縣頭份市第3選舉區,許銑倫,4
苗栗縣頭份市第3選舉區,陳學琳,5
苗栗縣頭份市第3選舉區,黃育烈,6
苗栗縣頭份市第3選舉區,羅坤生,7
苗栗縣頭份市第3選舉區,田秋鳳,8
苗栗縣頭份市第4選舉區,曾畯憲,1
苗栗縣頭份市第4選舉區,劉燕祥,2
苗栗縣頭份市第4選舉區,陳漢清,3
苗栗縣頭份市第4選舉區,林俊光,4
苗栗縣頭份市第5選舉區,譚煒生,1
苗栗縣頭份市第5選舉區,謝芷洋,2
苗栗縣頭份市第5選舉區,黃品原,3
苗栗縣頭份市第5選舉區,李益宏,4
苗栗縣頭份市第5選舉區,張奕沂,5
苗栗縣頭份市第5選舉區,黎運龍,6
苗栗縣後龍鎮第1選舉區,謝海山,1
苗栗縣後龍鎮第1選舉區,呂中慶,2
苗栗縣後龍鎮第1選舉區,王光松,3
苗栗縣後龍鎮第1選舉區,花麗卿,4
苗栗縣後龍鎮第2選舉區,張欽,1
苗栗縣後龍鎮第2選舉區,周政發,2
苗栗縣後龍鎮第2選舉區,魏早焱,3
苗栗縣後龍鎮第2選舉區,林家葦,4
苗栗縣後龍鎮第2選舉區,魏水樹,5
苗栗縣後龍鎮第3選舉區,陳美雪,1
苗栗縣後龍鎮第3選舉區,趙羽茜,2
苗栗縣後龍鎮第3選舉區,陳國忠,3
苗栗縣後龍鎮第3選舉區,朱朝民,4
苗栗縣後龍鎮第4選舉區,苗延竹,1
苗栗縣後龍鎮第4選舉區,王木林,2
苗栗縣後龍鎮第4選舉區,莊春秋,3
苗栗縣卓蘭鎮第1選舉區,詹麗容,1
苗栗縣卓蘭鎮第1選舉區,詹豊霖,2
苗栗縣卓蘭鎮第1選舉區,詹愛純,3
苗栗縣卓蘭鎮第1選舉區,詹秉憲,4
苗栗縣卓蘭鎮第1選舉區,胡兆烈,5
苗栗縣卓蘭鎮第2選舉區,林明聰,1
苗栗縣卓蘭鎮第2選舉區,王俊昌,2
苗栗縣卓蘭鎮第2選舉區,謝永興,3
苗栗縣卓蘭鎮第3選舉區,詹偉廷,1
苗栗縣卓蘭鎮第3選舉區,劉蓁,2
苗栗縣卓蘭鎮第3選舉區,劉文彬,3
苗栗縣卓蘭鎮第3選舉區,詹永光,4
苗栗縣卓蘭鎮第3選舉區,賴秋蓉,5
苗栗縣卓蘭鎮第3選舉區,詹偉強,6
苗栗縣卓蘭鎮第4選舉區,江文祺,1
苗栗縣卓蘭鎮第4選舉區,李家龍,2
苗栗縣卓蘭鎮第4選舉區,姜運郎,3
苗栗縣大湖鄉第1選舉區,陳永豪,1
苗栗縣大湖鄉第1選舉區,林裕欽,2
苗栗縣大湖鄉第1選舉區,葉琪熏,3
苗栗縣大湖鄉第1選舉區,謝見德,4
苗栗縣大湖鄉第1選舉區,黃貴賢,5
苗栗縣大湖鄉第2選舉區,涂德滄,1
苗栗縣大湖鄉第2選舉區,劉鴻均,2
苗栗縣大湖鄉第2選舉區,林文宏,3
苗栗縣大湖鄉第2選舉區,葉榕德,4
苗栗縣大湖鄉第3選舉區,李文明,1
苗栗縣大湖鄉第3選舉區,謝慶德,2
苗栗縣大湖鄉第3選舉區,邱菊英,3
苗栗縣大湖鄉第4選舉區,詹招坤,1
苗栗縣大湖鄉第4選舉區,范鼎房,2
苗栗縣大湖鄉第4選舉區,黃運德,3
苗栗縣大湖鄉第4選舉區,陳增堭,4
苗栗縣公館鄉第1選舉區,彭旻萱,1
苗栗縣公館鄉第1選舉區,徐子程,2
苗栗縣公館鄉第1選舉區,羅國海,3
苗栗縣公館鄉第1選舉區,湛炎慶,4
苗栗縣公館鄉第1選舉區,吳瑞雲,5
苗栗縣公館鄉第1選舉區,謝文堂,6
苗栗縣公館鄉第1選舉區,陳建華,7
苗栗縣公館鄉第1選舉區,楊家樹,8
苗栗縣公館鄉第2選舉區,邱德?,1
苗栗縣公館鄉第2選舉區,黃秀滿,2
苗栗縣公館鄉第3選舉區,孫有明,1
苗栗縣公館鄉第3選舉區,趙興邦,2
苗栗縣公館鄉第3選舉區,謝松鳳,3
苗栗縣公館鄉第3選舉區,周羽心,4
苗栗縣公館鄉第3選舉區,廖家盛,5
苗栗縣公館鄉第3選舉區,張金隆,6
苗栗縣銅鑼鄉第1選舉區,徐毓檀,1
苗栗縣銅鑼鄉第1選舉區,蕭詩蓉,2
苗栗縣銅鑼鄉第1選舉區,李信展,3
苗栗縣銅鑼鄉第1選舉區,林九?,4
苗栗縣銅鑼鄉第1選舉區,陳祁,5
苗栗縣銅鑼鄉第1選舉區,賴碧雲,6
苗栗縣銅鑼鄉第2選舉區,張淑珍,1
苗栗縣銅鑼鄉第2選舉區,曾義維,2
苗栗縣銅鑼鄉第2選舉區,徐鴻鵠,3
苗栗縣銅鑼鄉第3選舉區,劉樹生,1
苗栗縣銅鑼鄉第3選舉區,鍾兆良,2
苗栗縣銅鑼鄉第3選舉區,張維翰,3
苗栗縣銅鑼鄉第3選舉區,李棋明,4
苗栗縣銅鑼鄉第3選舉區,陳日盛,5
苗栗縣銅鑼鄉第3選舉區,朱?棠,6
苗栗縣銅鑼鄉第4選舉區,吳美英,1
苗栗縣銅鑼鄉第4選舉區,劉要國,2
苗栗縣銅鑼鄉第4選舉區,徐裕逢,3
苗栗縣銅鑼鄉第5選舉區,彭成果,1
苗栗縣銅鑼鄉第5選舉區,陳國球,2
苗栗縣南庄鄉第1選舉區,莊新妹,1
苗栗縣南庄鄉第1選舉區,王玉魁,2
苗栗縣南庄鄉第1選舉區,詹永煌,3
苗栗縣南庄鄉第1選舉區,陳國順,4
苗栗縣南庄鄉第1選舉區,張滿福,5
苗栗縣南庄鄉第2選舉區,陳清增,1
苗栗縣南庄鄉第2選舉區,陳紹祺,2
苗栗縣南庄鄉第3選舉區,黃順源,1
苗栗縣南庄鄉第3選舉區,蕭阿秋,2
苗栗縣南庄鄉第3選舉區,葉泰成,3
苗栗縣南庄鄉第3選舉區,邱瑞君,4
苗栗縣南庄鄉第4選舉區,風志雄,1
苗栗縣南庄鄉第4選舉區,戴賢志,2
苗栗縣頭屋鄉第1選舉區,張仲煌,1
苗栗縣頭屋鄉第1選舉區,徐坤榮,2
苗栗縣頭屋鄉第1選舉區,范賢達,3
苗栗縣頭屋鄉第1選舉區,陳烘業,4
苗栗縣頭屋鄉第1選舉區,謝美春,5
苗栗縣頭屋鄉第1選舉區,巫志羽,6
苗栗縣頭屋鄉第1選舉區,江貴熙,7
苗栗縣頭屋鄉第1選舉區,魏沁渝,8
苗栗縣頭屋鄉第2選舉區,林文政,1
苗栗縣頭屋鄉第2選舉區,范發進,2
苗栗縣頭屋鄉第3選舉區,楊謝國,1
苗栗縣頭屋鄉第3選舉區,胡錦明,2
苗栗縣頭屋鄉第3選舉區,鄭國麟,3
苗栗縣頭屋鄉第4選舉區,李舜錢,1
苗栗縣頭屋鄉第4選舉區,彭清文,2
苗栗縣頭屋鄉第5選舉區,?智維,1
苗栗縣頭屋鄉第5選舉區,涂金臺,2
苗栗縣三義鄉第1選舉區,劉醇祿,1
苗栗縣三義鄉第1選舉區,林盈富,2
苗栗縣三義鄉第1選舉區,賴昌?,3
苗栗縣三義鄉第2選舉區,江明政,1
苗栗縣三義鄉第2選舉區,徐慧珠,2
苗栗縣三義鄉第2選舉區,古子?,3
苗栗縣三義鄉第2選舉區,王文成,4
苗栗縣三義鄉第3選舉區,羅時松,1
苗栗縣三義鄉第3選舉區,林煒育,2
苗栗縣三義鄉第3選舉區,張玉鳳,3
苗栗縣三義鄉第3選舉區,吳家榮,4
苗栗縣三義鄉第4選舉區,徐誌鴻,1
苗栗縣三義鄉第4選舉區,吳永金,2
苗栗縣三義鄉第4選舉區,黃富裕,3
苗栗縣西湖鄉第1選舉區,劉新溪,1
苗栗縣西湖鄉第1選舉區,古金綱,2
苗栗縣西湖鄉第1選舉區,邱增雄,3
苗栗縣西湖鄉第1選舉區,賴竹英,4
苗栗縣西湖鄉第1選舉區,陳碧華,5
苗栗縣西湖鄉第2選舉區,古秋雲,1
苗栗縣西湖鄉第2選舉區,吳承泰,2
苗栗縣西湖鄉第2選舉區,古召善,3
苗栗縣西湖鄉第2選舉區,吳峻毅,4
苗栗縣西湖鄉第2選舉區,蘇文正,5
苗栗縣造橋鄉第1選舉區,?健薰,1
苗栗縣造橋鄉第1選舉區,巫翔裘,2
苗栗縣造橋鄉第1選舉區,蔣運添,3
苗栗縣造橋鄉第2選舉區,陳琦芳,1
苗栗縣造橋鄉第3選舉區,楊金蓮,1
苗栗縣造橋鄉第3選舉區,林鳳珠,2
苗栗縣造橋鄉第3選舉區,黃萬福,3
苗栗縣造橋鄉第3選舉區,陳有凌,4
苗栗縣造橋鄉第3選舉區,黃文昌,5
苗栗縣造橋鄉第3選舉區,張梅蘭,6
苗栗縣造橋鄉第3選舉區,廖義勇,7
苗栗縣造橋鄉第4選舉區,林文欽,1
苗栗縣造橋鄉第4選舉區,陳榮華,2
苗栗縣造橋鄉第4選舉區,何朝根,3
苗栗縣造橋鄉第4選舉區,陳裕福,4
苗栗縣三灣鄉第1選舉區,呂金城,1
苗栗縣三灣鄉第1選舉區,張家綸,2
苗栗縣三灣鄉第1選舉區,葉曉菁,3
苗栗縣三灣鄉第1選舉區,彭秀珠,4
苗栗縣三灣鄉第1選舉區,廖順和,5
苗栗縣三灣鄉第1選舉區,劉國平,6
苗栗縣三灣鄉第1選舉區,劉宥興,7
苗栗縣三灣鄉第2選舉區,陳燕花,1
苗栗縣三灣鄉第2選舉區,湯春蓮,2
苗栗縣三灣鄉第3選舉區,黃開相,1
苗栗縣三灣鄉第3選舉區,邱騰森,2
苗栗縣獅潭鄉第1選舉區,魏漢鎮,1
苗栗縣獅潭鄉第1選舉區,黃敏琪,2
苗栗縣獅潭鄉第1選舉區,黃媋蘭,3
苗栗縣獅潭鄉第1選舉區,林昌元,4
苗栗縣獅潭鄉第2選舉區,謝發汶,1
苗栗縣獅潭鄉第2選舉區,黃進雲,2
苗栗縣獅潭鄉第2選舉區,劉漢廷,3
苗栗縣獅潭鄉第3選舉區,劉榮煌,1
苗栗縣獅潭鄉第3選舉區,劉雪梅,2
苗栗縣獅潭鄉第3選舉區,賴炫樺,3
苗栗縣泰安鄉第1選舉區,黃威銘,1
苗栗縣泰安鄉第1選舉區,葉純輝,2
苗栗縣泰安鄉第1選舉區,林昭興,3
苗栗縣泰安鄉第1選舉區,盧光明,4
苗栗縣泰安鄉第1選舉區,曾玉琴,5
苗栗縣泰安鄉第2選舉區,何玉珍,1
苗栗縣泰安鄉第2選舉區,林文祥,2
苗栗縣泰安鄉第2選舉區,簡義成,3
苗栗縣泰安鄉第3選舉區,賴哲明,1
苗栗縣泰安鄉第3選舉區,柯武宏,2
苗栗縣泰安鄉第3選舉區,陳道光,3
苗栗縣泰安鄉第3選舉區,詹民杰,4
苗栗縣泰安鄉第3選舉區,吳榮坤,5
苗栗縣泰安鄉第3選舉區,柯宏憲,6
彰化縣彰化市第1選舉區,陳建隆,1
彰化縣彰化市第1選舉區,許舜雄,2
彰化縣彰化市第1選舉區,薛方壹,3
彰化縣彰化市第1選舉區,王威程,4
彰化縣彰化市第1選舉區,楊雅鈞,5
彰化縣彰化市第1選舉區,陳文賓,6
彰化縣彰化市第1選舉區,江炳輝,7
彰化縣彰化市第1選舉區,薛志彬,8
彰化縣彰化市第1選舉區,詹嘉文,9
彰化縣彰化市第1選舉區,胡再和,10
彰化縣彰化市第1選舉區,林大傑,11
彰化縣彰化市第1選舉區,黃稜茹,12
彰化縣彰化市第1選舉區,林亭妤,13
彰化縣彰化市第2選舉區,鐘芮妤,1
彰化縣彰化市第2選舉區,凌巧芸,2
彰化縣彰化市第2選舉區,戴秋雲,3
彰化縣彰化市第2選舉區,盧奎廷,4
彰化縣彰化市第2選舉區,王世烈,5
彰化縣彰化市第2選舉區,高龍奎,6
彰化縣彰化市第2選舉區,周平,7
彰化縣彰化市第2選舉區,楊元森,8
彰化縣彰化市第2選舉區,屈炳秋,9
彰化縣彰化市第3選舉區,吳淑敏,1
彰化縣彰化市第3選舉區,?于芳,2
彰化縣彰化市第3選舉區,吳文雄,3
彰化縣彰化市第3選舉區,鄭順帆,4
彰化縣彰化市第3選舉區,吳馬劦怜,5
彰化縣彰化市第3選舉區,楊玉山,6
彰化縣彰化市第3選舉區,莊?源,7
彰化縣彰化市第4選舉區,周雅婷,1
彰化縣彰化市第4選舉區,宗菊梅,2
彰化縣彰化市第4選舉區,陳信志,3
彰化縣彰化市第4選舉區,林志儒,4
彰化縣彰化市第4選舉區,林明賢,5
彰化縣彰化市第4選舉區,彭成翔,6
彰化縣彰化市第4選舉區,張育彬,7
彰化縣彰化市第4選舉區,?宥馨,8
彰化縣彰化市第4選舉區,鄭清龍,9
彰化縣彰化市第4選舉區,林榮堯,10
彰化縣彰化市第4選舉區,林深山,11
彰化縣鹿港鎮第1選舉區,許秉鋐,1
彰化縣鹿港鎮第1選舉區,施瑞隆,2
彰化縣鹿港鎮第1選舉區,許哲葦,3
彰化縣鹿港鎮第1選舉區,張雅晴,4
彰化縣鹿港鎮第1選舉區,何麗觀,5
彰化縣鹿港鎮第2選舉區,林獻章,1
彰化縣鹿港鎮第2選舉區,吳維新,2
彰化縣鹿港鎮第2選舉區,施義成,3
彰化縣鹿港鎮第3選舉區,王麗雯,1
彰化縣鹿港鎮第3選舉區,施信任,2
彰化縣鹿港鎮第3選舉區,郭軒峰,3
彰化縣鹿港鎮第3選舉區,洪國雄,4
彰化縣鹿港鎮第3選舉區,張愉婕,5
彰化縣鹿港鎮第4選舉區,王炫斐,1
彰化縣鹿港鎮第4選舉區,王建斌,2
彰化縣鹿港鎮第4選舉區,謝孟釗,3
彰化縣鹿港鎮第4選舉區,洪永川,4
彰化縣鹿港鎮第4選舉區,許富足,5
彰化縣鹿港鎮第4選舉區,潘閔東,6
彰化縣鹿港鎮第4選舉區,潘順良,7
彰化縣和美鎮第1選舉區,施承佑,1
彰化縣和美鎮第1選舉區,林世峰,2
彰化縣和美鎮第1選舉區,周保方,3
彰化縣和美鎮第1選舉區,林進忠,4
彰化縣和美鎮第1選舉區,埕春美,5
彰化縣和美鎮第1選舉區,蔡佳君,6
彰化縣和美鎮第2選舉區,邱俊銘,1
彰化縣和美鎮第2選舉區,羅文保,2
彰化縣和美鎮第2選舉區,楊仁宗,3
彰化縣和美鎮第2選舉區,李宗盛,4
彰化縣和美鎮第2選舉區,柯振奇,5
彰化縣和美鎮第2選舉區,高秀麗,6
彰化縣和美鎮第2選舉區,曾薇娟,7
彰化縣和美鎮第3選舉區,蔡志嘉,1
彰化縣和美鎮第3選舉區,陳炳賢,2
彰化縣和美鎮第3選舉區,陳淑芬,3
彰化縣和美鎮第3選舉區,黃美鳳,4
彰化縣和美鎮第3選舉區,黃昱綺,5
彰化縣和美鎮第3選舉區,葉嘉旭,6
彰化縣和美鎮第4選舉區,陳泊羽,1
彰化縣和美鎮第4選舉區,葉恩瑞,2
彰化縣和美鎮第4選舉區,蔡長順,3
彰化縣和美鎮第4選舉區,林柒主,4
彰化縣線西鄉第1選舉區,黃志銘,1
彰化縣線西鄉第1選舉區,陳晏玲,2
彰化縣線西鄉第1選舉區,黃政欽,3
彰化縣線西鄉第1選舉區,陳姿燕,4
彰化縣線西鄉第1選舉區,黃泯嘉,5
彰化縣線西鄉第1選舉區,王水波,6
彰化縣線西鄉第1選舉區,黃嘉發,7
彰化縣線西鄉第2選舉區,黃宏明,1
彰化縣線西鄉第2選舉區,黃漢皇,2
彰化縣線西鄉第2選舉區,曾文忠,3
彰化縣線西鄉第3選舉區,黃朝登,1
彰化縣線西鄉第3選舉區,張慶尉,2
彰化縣線西鄉第3選舉區,許富榮,3
彰化縣線西鄉第3選舉區,謝春錦,4
彰化縣線西鄉第3選舉區,王美莉,5
彰化縣線西鄉第3選舉區,謝美美,6
彰化縣線西鄉第3選舉區,廖宥淇,7
彰化縣線西鄉第3選舉區,陳文貴,8
彰化縣伸港鄉第1選舉區,林明鴻,1
彰化縣伸港鄉第1選舉區,陳軒樟,2
彰化縣伸港鄉第1選舉區,洪榮興,3
彰化縣伸港鄉第2選舉區,柯國雄,1
彰化縣伸港鄉第2選舉區,柯嘉換,2
彰化縣伸港鄉第2選舉區,柯俊生,3
彰化縣伸港鄉第3選舉區,蕭宏裕,1
彰化縣伸港鄉第3選舉區,周慶郎,2
彰化縣伸港鄉第3選舉區,王水泉,3
彰化縣伸港鄉第3選舉區,曾正安,4
彰化縣伸港鄉第3選舉區,周隆潭,5
彰化縣伸港鄉第4選舉區,蘇金發,1
彰化縣伸港鄉第4選舉區,謝秉原,2
彰化縣伸港鄉第4選舉區,姚姿菁,3
彰化縣伸港鄉第4選舉區,柯佑?,4
彰化縣伸港鄉第4選舉區,粘富雄,5
彰化縣伸港鄉第4選舉區,柯尊暐,6
彰化縣伸港鄉第4選舉區,周宥棋,7
彰化縣伸港鄉第4選舉區,柯?茗,8
彰化縣福興鄉第1選舉區,許伯榮,1
彰化縣福興鄉第1選舉區,梁煮謀,2
彰化縣福興鄉第1選舉區,陳秀玲,3
彰化縣福興鄉第1選舉區,梁奕興,4
彰化縣福興鄉第1選舉區,陳益昌,5
彰化縣福興鄉第1選舉區,林朝榮,6
彰化縣福興鄉第2選舉區,洪振淞,1
彰化縣福興鄉第2選舉區,鄧厚根,2
彰化縣福興鄉第2選舉區,葉宸郝,3
彰化縣福興鄉第2選舉區,吳鎮江,4
彰化縣福興鄉第3選舉區,黃建元,1
彰化縣福興鄉第3選舉區,粘文交,2
彰化縣福興鄉第3選舉區,洪石原,3
彰化縣福興鄉第3選舉區,粘惠青,4
彰化縣福興鄉第3選舉區,黃厚綿,5
彰化縣福興鄉第3選舉區,施有信,6
彰化縣福興鄉第3選舉區,張建斌,7
彰化縣福興鄉第3選舉區,黃怡雯,8
彰化縣秀水鄉第1選舉區,陳棟誠,1
彰化縣秀水鄉第1選舉區,鄭倫杰,2
彰化縣秀水鄉第1選舉區,陳鑲萍,3
彰化縣秀水鄉第1選舉區,林沛瑩,4
彰化縣秀水鄉第1選舉區,陳昀志,5
彰化縣秀水鄉第1選舉區,蔣憲忠,6
彰化縣秀水鄉第1選舉區,陳柏圭,7
彰化縣秀水鄉第1選舉區,蘇蕙蘭,8
彰化縣秀水鄉第2選舉區,?麒緯,1
彰化縣秀水鄉第2選舉區,張玉龍,2
彰化縣秀水鄉第2選舉區,楊錦發,3
彰化縣秀水鄉第3選舉區,吳泳慧,1
彰化縣秀水鄉第3選舉區,梁淑絹,2
彰化縣秀水鄉第3選舉區,周日清,3
彰化縣秀水鄉第3選舉區,林澄洋,4
彰化縣秀水鄉第3選舉區,蘇浚豐,5
彰化縣花壇鄉第1選舉區,沈文盛,1
彰化縣花壇鄉第1選舉區,潘兩傳,2
彰化縣花壇鄉第1選舉區,唐楊罔市,3
彰化縣花壇鄉第1選舉區,李政雄,4
彰化縣花壇鄉第2選舉區,曾琬舒,1
彰化縣花壇鄉第2選舉區,翁?祐,2
彰化縣花壇鄉第2選舉區,葉尚雯,3
彰化縣花壇鄉第2選舉區,顏許秀美,4
彰化縣花壇鄉第2選舉區,許澤鈿,5
彰化縣花壇鄉第2選舉區,曹煙雯,6
彰化縣花壇鄉第3選舉區,馬茂舜,1
彰化縣花壇鄉第3選舉區,陳新興,2
彰化縣花壇鄉第3選舉區,王淑欣,3
彰化縣花壇鄉第3選舉區,李永和,4
彰化縣花壇鄉第3選舉區,?泳溱,5
彰化縣芬園鄉第1選舉區,林育群,1
彰化縣芬園鄉第1選舉區,楊敏惠,2
彰化縣芬園鄉第1選舉區,林忠誠,3
彰化縣芬園鄉第1選舉區,鄭世宏,4
彰化縣芬園鄉第2選舉區,黃麗芳,1
彰化縣芬園鄉第2選舉區,江黃秀銀,2
彰化縣芬園鄉第2選舉區,張松可,3
彰化縣芬園鄉第2選舉區,許榮林,4
彰化縣芬園鄉第2選舉區,林金堂,5
彰化縣芬園鄉第3選舉區,黃瑞拱,1
彰化縣芬園鄉第3選舉區,郭哲榮,2
彰化縣芬園鄉第3選舉區,黃良榮,3
彰化縣芬園鄉第4選舉區,許林心,1
彰化縣芬園鄉第4選舉區,蘇文徹,2
彰化縣員林市第1選舉區,張徽澤,1
彰化縣員林市第1選舉區,江憲政,2
彰化縣員林市第1選舉區,張國良,3
彰化縣員林市第1選舉區,謝淑敏,4
彰化縣員林市第1選舉區,張文平,5
彰化縣員林市第1選舉區,江品蓉,6
彰化縣員林市第2選舉區,曹月碧,1
彰化縣員林市第2選舉區,王勝坪,2
彰化縣員林市第2選舉區,洪春美,3
彰化縣員林市第2選舉區,邱雨稻,4
彰化縣員林市第2選舉區,吳政彥,5
彰化縣員林市第2選舉區,吳宗頻,6
彰化縣員林市第3選舉區,陳天翔,1
彰化縣員林市第3選舉區,張詩怡,2
彰化縣員林市第3選舉區,張詠勝,3
彰化縣員林市第3選舉區,賴東位,4
彰化縣員林市第3選舉區,張瑀瑩,5
彰化縣員林市第3選舉區,林玟佑,6
彰化縣員林市第3選舉區,林金泉,7
彰化縣員林市第3選舉區,陳文明,8
彰化縣員林市第3選舉區,何國維,9
彰化縣員林市第3選舉區,張偉傑,10
彰化縣員林市第4選舉區,馮明仕,1
彰化縣員林市第4選舉區,黃金堂,2
彰化縣員林市第4選舉區,劉盈助,3
彰化縣員林市第4選舉區,彭惠敏,4
彰化縣員林市第4選舉區,林育生,5
彰化縣員林市第4選舉區,黃瓊誼,6
彰化縣溪湖鎮第1選舉區,胡嘉俊,1
彰化縣溪湖鎮第1選舉區,黃佳惠,2
彰化縣溪湖鎮第1選舉區,劉晚玉,3
彰化縣溪湖鎮第1選舉區,黃盡春,4
彰化縣溪湖鎮第1選舉區,邱鳳蘭,5
彰化縣溪湖鎮第2選舉區,楊隆芳,1
彰化縣溪湖鎮第2選舉區,楊儒海,2
彰化縣溪湖鎮第2選舉區,施佩怡,3
彰化縣溪湖鎮第2選舉區,楊舒萍,4
彰化縣溪湖鎮第2選舉區,楊淑靜,5
彰化縣溪湖鎮第2選舉區,楊鴻源,6
彰化縣溪湖鎮第2選舉區,林文亮,7
彰化縣溪湖鎮第3選舉區,謝鴻模,1
彰化縣溪湖鎮第3選舉區,黃世清,2
彰化縣溪湖鎮第3選舉區,陳孟宏,3
彰化縣溪湖鎮第3選舉區,張義雄,4
彰化縣溪湖鎮第3選舉區,黃秀椿,5
彰化縣田中鎮第1選舉區,謝自強,1
彰化縣田中鎮第1選舉區,蕭飛龍,2
彰化縣田中鎮第1選舉區,吳振權,3
彰化縣田中鎮第1選舉區,陳瑞德,4
彰化縣田中鎮第2選舉區,許廷彬,1
彰化縣田中鎮第2選舉區,謝如鑾,2
彰化縣田中鎮第2選舉區,陳東傑,3
彰化縣田中鎮第2選舉區,陳耀堂,4
彰化縣田中鎮第2選舉區,陳吉安,5
彰化縣田中鎮第2選舉區,黃雅鳳,6
彰化縣田中鎮第3選舉區,彭世和,1
彰化縣田中鎮第3選舉區,蕭愛國,2
彰化縣田中鎮第3選舉區,葉賞,3
彰化縣田中鎮第3選舉區,曾福傳,4
彰化縣田中鎮第3選舉區,何在鎣,5
彰化縣大村鄉第1選舉區,蕭桂英,1
彰化縣大村鄉第1選舉區,沈季稜,2
彰化縣大村鄉第1選舉區,蔡秀鳳,3
彰化縣大村鄉第1選舉區,賴木道,4
彰化縣大村鄉第1選舉區,吳廣助,5
彰化縣大村鄉第1選舉區,黃文龍,6
彰化縣大村鄉第2選舉區,陳祿福,1
彰化縣大村鄉第2選舉區,黃錫暉,2
彰化縣大村鄉第3選舉區,陳珮琳,1
彰化縣大村鄉第3選舉區,游俊良,2
彰化縣大村鄉第3選舉區,黃冠穎,3
彰化縣大村鄉第3選舉區,王欣文,4
彰化縣大村鄉第4選舉區,賴英瑜,1
彰化縣大村鄉第4選舉區,施俊仲,2
彰化縣大村鄉第4選舉區,賴俊豪,3
彰化縣大村鄉第4選舉區,賴瑞盛,4
彰化縣大村鄉第4選舉區,賴慶昇,5
彰化縣大村鄉第4選舉區,賴玟廷,6
彰化縣大村鄉第4選舉區,許居明,7
彰化縣埔鹽鄉第1選舉區,蔡素卿,1
彰化縣埔鹽鄉第1選舉區,陳光玨,2
彰化縣埔鹽鄉第1選舉區,徐志訓,3
彰化縣埔鹽鄉第1選舉區,陳貴玲,4
彰化縣埔鹽鄉第1選舉區,顏錫寬,5
彰化縣埔鹽鄉第1選舉區,陳慶達,6
彰化縣埔鹽鄉第2選舉區,張俐婷,1
彰化縣埔鹽鄉第2選舉區,?素錦,2
彰化縣埔鹽鄉第2選舉區,丁旭懋,3
彰化縣埔鹽鄉第2選舉區,李善,4
彰化縣埔鹽鄉第2選舉區,李存頂,5
彰化縣埔鹽鄉第2選舉區,施永欽,6
彰化縣埔鹽鄉第2選舉區,劉姵岑,7
彰化縣埔鹽鄉第2選舉區,劉?梅,8
彰化縣埔鹽鄉第2選舉區,翁斐慈,9
彰化縣埔鹽鄉第3選舉區,黃振榮,1
彰化縣埔鹽鄉第3選舉區,施燈源,2
彰化縣埔鹽鄉第3選舉區,施文晢,3
彰化縣埔鹽鄉第3選舉區,施春貴,4
彰化縣埔鹽鄉第3選舉區,施明坤,5
彰化縣埔心鄉第1選舉區,張世宗,1
彰化縣埔心鄉第1選舉區,陳素蘭,2
彰化縣埔心鄉第1選舉區,黃金吉,3
彰化縣埔心鄉第1選舉區,張金文,4
彰化縣埔心鄉第1選舉區,江易生,5
彰化縣埔心鄉第1選舉區,張榮閔,6
彰化縣埔心鄉第1選舉區,張玉鈴,7
彰化縣埔心鄉第1選舉區,謝新春,8
彰化縣埔心鄉第1選舉區,邱德芳,9
彰化縣埔心鄉第1選舉區,徐堂錦,10
彰化縣埔心鄉第1選舉區,?金鳳,11
彰化縣埔心鄉第1選舉區,詹秀貞,12
彰化縣埔心鄉第2選舉區,蔡宗?,1
彰化縣埔心鄉第2選舉區,蔡宥均,2
彰化縣埔心鄉第2選舉區,邱類思,3
彰化縣埔心鄉第2選舉區,薛秀英,4
彰化縣埔心鄉第2選舉區,黃雯臻,5
彰化縣埔心鄉第3選舉區,黃坤鼎,1
彰化縣埔心鄉第3選舉區,黃俊寰,2
彰化縣永靖鄉第1選舉區,詹尉,1
彰化縣永靖鄉第1選舉區,賴聰賢,2
彰化縣永靖鄉第1選舉區,?小芬,3
彰化縣永靖鄉第1選舉區,黃誼玟,4
彰化縣永靖鄉第1選舉區,詹?英,5
彰化縣永靖鄉第1選舉區,顧文哲,6
彰化縣永靖鄉第2選舉區,王士瑞,1
彰化縣永靖鄉第2選舉區,詹曜維,2
彰化縣永靖鄉第2選舉區,黃超威,3
彰化縣永靖鄉第2選舉區,邱垂梓,4
彰化縣永靖鄉第2選舉區,黃玉雪,5
彰化縣永靖鄉第2選舉區,蕭富元,6
彰化縣永靖鄉第2選舉區,邱建忠,7
彰化縣永靖鄉第2選舉區,吳國隆,8
彰化縣永靖鄉第2選舉區,陳展珵,9
彰化縣永靖鄉第2選舉區,巫采玲,10
彰化縣永靖鄉第2選舉區,劉育勝,11
彰化縣永靖鄉第3選舉區,陳天能,1
彰化縣永靖鄉第3選舉區,?柏任,2
彰化縣永靖鄉第3選舉區,邱慶利,3
彰化縣永靖鄉第3選舉區,陳俊安,4
彰化縣永靖鄉第3選舉區,陳湘鎮,5
彰化縣永靖鄉第3選舉區,林致安,6
彰化縣永靖鄉第3選舉區,江欽洲,7
彰化縣永靖鄉第3選舉區,吳東海,8
彰化縣社頭鄉第1選舉區,蕭炳烈,1
彰化縣社頭鄉第1選舉區,張森波,2
彰化縣社頭鄉第1選舉區,蕭國章,3
彰化縣社頭鄉第1選舉區,劉明進,4
彰化縣社頭鄉第1選舉區,劉榮宗,5
彰化縣社頭鄉第1選舉區,莊詠晴,6
彰化縣社頭鄉第1選舉區,張聰平,7
彰化縣社頭鄉第1選舉區,劉逢文,8
彰化縣社頭鄉第1選舉區,邱湧錩,9
彰化縣社頭鄉第2選舉區,邱團財,1
彰化縣社頭鄉第2選舉區,王強圳,2
彰化縣社頭鄉第2選舉區,陶傳淮,3
彰化縣社頭鄉第3選舉區,陳慶福,1
彰化縣社頭鄉第3選舉區,蕭明芳,2
彰化縣社頭鄉第4選舉區,賴育楣,1
彰化縣社頭鄉第4選舉區,蕭存修,2
彰化縣社頭鄉第4選舉區,翁嘉壕,3
彰化縣二水鄉第1選舉區,蔡文琳,1
彰化縣二水鄉第1選舉區,謝己清,2
彰化縣二水鄉第1選舉區,陳昭麟,3
彰化縣二水鄉第1選舉區,藍世雄,4
彰化縣二水鄉第2選舉區,羅森澤,1
彰化縣二水鄉第2選舉區,張鳳修,2
彰化縣二水鄉第2選舉區,黃燕雪,3
彰化縣二水鄉第2選舉區,賴國楨,4
彰化縣二水鄉第2選舉區,楊圳江,5
彰化縣二水鄉第2選舉區,陳家祐,6
彰化縣二水鄉第2選舉區,吳彬煌,7
彰化縣二水鄉第3選舉區,陳木傳,1
彰化縣二水鄉第3選舉區,陳志柔,2
彰化縣二水鄉第3選舉區,黃恆應,3
彰化縣北斗鎮第1選舉區,陳瑞鑣,1
彰化縣北斗鎮第1選舉區,陳樹,2
彰化縣北斗鎮第1選舉區,陳世順,3
彰化縣北斗鎮第2選舉區,劉國卿,1
彰化縣北斗鎮第2選舉區,林昆儒,2
彰化縣北斗鎮第2選舉區,林宗憲,3
彰化縣北斗鎮第2選舉區,林素珍,4
彰化縣北斗鎮第3選舉區,程勝煥,1
彰化縣北斗鎮第3選舉區,陳世凱,2
彰化縣北斗鎮第3選舉區,黃志偉,3
彰化縣北斗鎮第3選舉區,張凱偉,4
彰化縣北斗鎮第3選舉區,王俊超,5
彰化縣北斗鎮第3選舉區,張美芳,6
彰化縣北斗鎮第4選舉區,陳大勝,1
彰化縣北斗鎮第4選舉區,陳國展,2
彰化縣北斗鎮第4選舉區,楊思瑋,3
彰化縣二林鎮第1選舉區,許秀治,1
彰化縣二林鎮第1選舉區,洪敏綺,2
彰化縣二林鎮第1選舉區,洪明麗,3
彰化縣二林鎮第1選舉區,洪自然,4
彰化縣二林鎮第2選舉區,洪國恩,1
彰化縣二林鎮第2選舉區,洪韻茹,2
彰化縣二林鎮第2選舉區,洪武舜,3
彰化縣二林鎮第2選舉區,洪?佑,4
彰化縣二林鎮第2選舉區,魏吉良,5
彰化縣二林鎮第3選舉區,陳寬進,1
彰化縣二林鎮第3選舉區,陳錫慶,2
彰化縣二林鎮第3選舉區,吳聰明,3
彰化縣二林鎮第3選舉區,蔡宗伯,4
彰化縣二林鎮第3選舉區,陳秀育,5
彰化縣二林鎮第4選舉區,吳元清,1
彰化縣二林鎮第4選舉區,傅子瑋,2
彰化縣二林鎮第4選舉區,曾安允,3
彰化縣田尾鄉第1選舉區,陳建誌,1
彰化縣田尾鄉第1選舉區,許世昌,2
彰化縣田尾鄉第1選舉區,楊舒帆,3
彰化縣田尾鄉第1選舉區,羅志蔚,4
彰化縣田尾鄉第1選舉區,李建宏,5
彰化縣田尾鄉第1選舉區,劉美蘭,6
彰化縣田尾鄉第1選舉區,楊惠雯,7
彰化縣田尾鄉第2選舉區,傅喬鈺,1
彰化縣田尾鄉第2選舉區,顏清松,2
彰化縣田尾鄉第3選舉區,吳俊樑,1
彰化縣田尾鄉第4選舉區,黃榮校,1
彰化縣田尾鄉第4選舉區,陳振銘,2
彰化縣田尾鄉第4選舉區,張勝彬,3
彰化縣田尾鄉第4選舉區,陳孟杰,4
彰化縣田尾鄉第4選舉區,范俊昇,5
彰化縣埤頭鄉第1選舉區,許文權,1
彰化縣埤頭鄉第1選舉區,陳國雄,2
彰化縣埤頭鄉第1選舉區,張春財,3
彰化縣埤頭鄉第1選舉區,許?里,4
彰化縣埤頭鄉第2選舉區,陳俊清,1
彰化縣埤頭鄉第2選舉區,顏永吉,2
彰化縣埤頭鄉第2選舉區,楊松柏,3
彰化縣埤頭鄉第2選舉區,劉瑋榕,4
彰化縣埤頭鄉第2選舉區,吳三存,5
彰化縣埤頭鄉第2選舉區,陳淑君,6
彰化縣埤頭鄉第3選舉區,劉英科,1
彰化縣埤頭鄉第3選舉區,陳阿端,2
彰化縣埤頭鄉第4選舉區,鄭麗玉,1
彰化縣埤頭鄉第4選舉區,張景舜,2
彰化縣芳苑鄉第1選舉區,陳宗壁,1
彰化縣芳苑鄉第1選舉區,洪江懷,2
彰化縣芳苑鄉第1選舉區,陳國基,3
彰化縣芳苑鄉第1選舉區,黃雪梨,4
彰化縣芳苑鄉第1選舉區,許清安,5
彰化縣芳苑鄉第1選舉區,洪進來,6
彰化縣芳苑鄉第2選舉區,謝武君,1
彰化縣芳苑鄉第2選舉區,謝孟衡,2
彰化縣芳苑鄉第3選舉區,林冬戶,1
彰化縣芳苑鄉第3選舉區,林清在,2
彰化縣芳苑鄉第3選舉區,陳國,3
彰化縣芳苑鄉第4選舉區,陳美惠,1
彰化縣芳苑鄉第4選舉區,黃靖雅,2
彰化縣芳苑鄉第4選舉區,陳進吉,3
彰化縣芳苑鄉第4選舉區,陳禮模,4
彰化縣大城鄉第1選舉區,蔡新徵,1
彰化縣大城鄉第1選舉區,王永安,2
彰化縣大城鄉第1選舉區,林明宗,3
彰化縣大城鄉第2選舉區,游玉美,1
彰化縣大城鄉第2選舉區,蔡天瑞,2
彰化縣大城鄉第2選舉區,許瑞芳,3
彰化縣大城鄉第2選舉區,林玉堂,4
彰化縣大城鄉第2選舉區,洪景宏,5
彰化縣大城鄉第3選舉區,許全守,1
彰化縣大城鄉第3選舉區,許文愷,2
彰化縣大城鄉第4選舉區,李建和,1
彰化縣大城鄉第4選舉區,王宏銘,2
彰化縣大城鄉第4選舉區,蔡秋林,3
彰化縣大城鄉第4選舉區,洪順天,4
彰化縣大城鄉第4選舉區,陳何男,5
彰化縣竹塘鄉第1選舉區,洪娜美,1
彰化縣竹塘鄉第1選舉區,圍政麟,2
彰化縣竹塘鄉第1選舉區,紀宗成,3
彰化縣竹塘鄉第1選舉區,林浚熙,4
彰化縣竹塘鄉第2選舉區,林全,1
彰化縣竹塘鄉第2選舉區,郭銘琴,2
彰化縣竹塘鄉第2選舉區,莊志文,3
彰化縣竹塘鄉第2選舉區,莊登楠,4
彰化縣竹塘鄉第3選舉區,蔡俊傑,1
彰化縣竹塘鄉第3選舉區,黃崇?,2
彰化縣竹塘鄉第3選舉區,林淑女,3
彰化縣竹塘鄉第4選舉區,葉劍輝,1
彰化縣竹塘鄉第4選舉區,詹江華,2
彰化縣竹塘鄉第4選舉區,林素珍,3
彰化縣竹塘鄉第4選舉區,詹清鴻,4
彰化縣竹塘鄉第4選舉區,張瑞雄,5
彰化縣竹塘鄉第4選舉區,黃豊元,6
彰化縣竹塘鄉第4選舉區,詹喬錠,7
彰化縣溪州鄉第1選舉區,詹進順,1
彰化縣溪州鄉第1選舉區,吳鏡楨,2
彰化縣溪州鄉第1選舉區,陳冠廷,3
彰化縣溪州鄉第1選舉區,鄭進議,4
彰化縣溪州鄉第1選舉區,林啟鴻,5
彰化縣溪州鄉第1選舉區,陳坤旭,6
彰化縣溪州鄉第2選舉區,曾俊愷,1
彰化縣溪州鄉第2選舉區,劉禮財,2
彰化縣溪州鄉第2選舉區,洪承琦,3
彰化縣溪州鄉第2選舉區,張九川,4
彰化縣溪州鄉第2選舉區,劉燈旺,5
彰化縣溪州鄉第3選舉區,廖文雄,1
彰化縣溪州鄉第3選舉區,鄭建來,2
彰化縣溪州鄉第3選舉區,??明琴,3
彰化縣溪州鄉第3選舉區,鄭任凱,4
彰化縣溪州鄉第3選舉區,莊正雄,5
彰化縣溪州鄉第4選舉區,陳明峰,1
彰化縣溪州鄉第4選舉區,鐘翊禹,2
彰化縣溪州鄉第4選舉區,蔡華南,3
彰化縣溪州鄉第4選舉區,廖學進,4
南投縣南投市第1選舉區,林稘穎,1
南投縣南投市第1選舉區,吳煌濱,2
南投縣南投市第1選舉區,洪世耀,3
南投縣南投市第1選舉區,陳振宗,4
南投縣南投市第1選舉區,歐陽燦岳,5
南投縣南投市第1選舉區,張惠卿,6
南投縣南投市第1選舉區,曾億弘,7
南投縣南投市第2選舉區,王明洲,1
南投縣南投市第2選舉區,曾榮輝,2
南投縣南投市第2選舉區,陳志斌,3
南投縣南投市第2選舉區,廖學輝,4
南投縣南投市第2選舉區,江秀春,5
南投縣南投市第2選舉區,林威崴,6
南投縣南投市第2選舉區,蔡玉英,7
南投縣南投市第2選舉區,許清德,8
南投縣南投市第2選舉區,廖學銳,9
南投縣南投市第2選舉區,張秦瑞,10
南投縣南投市第3選舉區,陳英得,1
南投縣南投市第3選舉區,田育芬,2
南投縣南投市第3選舉區,魏仕凱,3
南投縣南投市第3選舉區,廖怡琇,4
南投縣南投市第3選舉區,石杏國,5
南投縣南投市第3選舉區,王銘進,6
南投縣南投市第3選舉區,王勝華,7
南投縣南投市第3選舉區,廖倉賜,8
南投縣南投市第3選舉區,葉薏雯,9
南投縣南投市第3選舉區,沈?修,10
南投縣南投市第3選舉區,謝春耕,11
南投縣南投市第4選舉區,許惠菁,1
南投縣南投市第4選舉區,陳銘政,2
南投縣埔里鎮第1選舉區,洪惠梅,1
南投縣埔里鎮第1選舉區,陳諭韋,2
南投縣埔里鎮第1選舉區,曾鈴錫,3
南投縣埔里鎮第1選舉區,潘萬福,4
南投縣埔里鎮第1選舉區,廖永文,5
南投縣埔里鎮第1選舉區,吳勝輝,6
南投縣埔里鎮第2選舉區,陳怡潔,1
南投縣埔里鎮第2選舉區,陳建文,2
南投縣埔里鎮第2選舉區,賴志明,3
南投縣埔里鎮第2選舉區,王銘彥,4
南投縣埔里鎮第2選舉區,吳淇淞,5
南投縣埔里鎮第2選舉區,林惠雯,6
南投縣埔里鎮第2選舉區,曾美莉,7
南投縣埔里鎮第3選舉區,李春生,1
南投縣埔里鎮第3選舉區,曾秀月,2
南投縣埔里鎮第3選舉區,廖翔宇,3
南投縣埔里鎮第3選舉區,黃正男,4
南投縣埔里鎮第3選舉區,彭志杰,5
南投縣埔里鎮第4選舉區,林釧儀,1
南投縣埔里鎮第4選舉區,蔡文仲,2
南投縣埔里鎮第4選舉區,詹文平,3
南投縣埔里鎮第4選舉區,潘英輝,4
南投縣埔里鎮第4選舉區,陳韋婷,5
南投縣草屯鎮第1選舉區,陳文忠,1
南投縣草屯鎮第1選舉區,林永安,2
南投縣草屯鎮第1選舉區,王逸帆,3
南投縣草屯鎮第1選舉區,陳晴美,4
南投縣草屯鎮第1選舉區,李鎗富,5
南投縣草屯鎮第1選舉區,韓明全,6
南投縣草屯鎮第2選舉區,白庭瑞,1
南投縣草屯鎮第2選舉區,簡益裕,2
南投縣草屯鎮第2選舉區,盧彥文,3
南投縣草屯鎮第2選舉區,簡錫彬,4
南投縣草屯鎮第2選舉區,林金潭,5
南投縣草屯鎮第2選舉區,沈玉貞,6
南投縣草屯鎮第2選舉區,簡木通,7
南投縣草屯鎮第3選舉區,簡百聰,1
南投縣草屯鎮第3選舉區,洪慶春,2
南投縣草屯鎮第3選舉區,洪麗蘭,3
南投縣草屯鎮第3選舉區,洪登宜,4
南投縣草屯鎮第3選舉區,蔡秋菊,5
南投縣草屯鎮第3選舉區,李建和,6
南投縣草屯鎮第3選舉區,林約翰,7
南投縣草屯鎮第3選舉區,許素巡,8
南投縣草屯鎮第4選舉區,簡裴瑜,1
南投縣草屯鎮第4選舉區,李耀輝,2
南投縣草屯鎮第4選舉區,洪坤助,3
南投縣草屯鎮第4選舉區,施麗桂,4
南投縣草屯鎮第4選舉區,莊清南,5
南投縣竹山鎮第1選舉區,楊美紅,1
南投縣竹山鎮第1選舉區,張秋淋,2
南投縣竹山鎮第1選舉區,洪明汝,3
南投縣竹山鎮第1選舉區,林賜學,4
南投縣竹山鎮第1選舉區,張周裕,5
南投縣竹山鎮第1選舉區,曾國印,6
南投縣竹山鎮第1選舉區,林鴻祺,7
南投縣竹山鎮第1選舉區,羅炘津,8
南投縣竹山鎮第1選舉區,陳金龍,9
南投縣竹山鎮第1選舉區,葉昱翔,10
南投縣竹山鎮第2選舉區,吳啟明,1
南投縣竹山鎮第2選舉區,劉滿足,2
南投縣竹山鎮第2選舉區,林朱山,3
南投縣竹山鎮第2選舉區,賴進益,4
南投縣竹山鎮第2選舉區,賴信宇,5
南投縣竹山鎮第2選舉區,張彩珠,6
南投縣竹山鎮第2選舉區,林惠蘭,7
南投縣竹山鎮第2選舉區,黃仁明,8
南投縣竹山鎮第3選舉區,林偉嘉,1
南投縣竹山鎮第3選舉區,蔡孟峰,2
南投縣竹山鎮第3選舉區,陳錫錋,3
南投縣集集鎮第1選舉區,林家詳,1
南投縣集集鎮第1選舉區,吳榮志,2
南投縣集集鎮第1選舉區,陳南榕,3
南投縣集集鎮第1選舉區,陳雅雯,4
南投縣集集鎮第1選舉區,張文德,5
南投縣集集鎮第1選舉區,沈鳳山,6
南投縣集集鎮第2選舉區,簡鈴惠,1
南投縣集集鎮第2選舉區,鄧碧惠,2
南投縣集集鎮第2選舉區,吳惠風,3
南投縣集集鎮第2選舉區,陳佳賢,4
南投縣集集鎮第3選舉區,魏國州,1
南投縣集集鎮第3選舉區,林鴻揚,2
南投縣集集鎮第3選舉區,陳榮森,3
南投縣集集鎮第4選舉區,謝承宗,1
南投縣集集鎮第4選舉區,林國元,2
南投縣集集鎮第4選舉區,陳玉花,3
南投縣集集鎮第4選舉區,廖光華,4
南投縣集集鎮第4選舉區,吳麗容,5
南投縣集集鎮第4選舉區,陳嬉旻,6
南投縣集集鎮第4選舉區,陳泳旭,7
南投縣集集鎮第4選舉區,林麗娟,8
南投縣名間鄉第1選舉區,吳金樹,1
南投縣名間鄉第1選舉區,陳萬紅,2
南投縣名間鄉第1選舉區,陳宏明,3
南投縣名間鄉第1選舉區,謝嘉銘,4
南投縣名間鄉第1選舉區,陳秀梅,5
南投縣名間鄉第1選舉區,陳建良,6
南投縣名間鄉第1選舉區,吳政緯,7
南投縣名間鄉第1選舉區,陳益震,8
南投縣名間鄉第2選舉區,蔡瑞家,1
南投縣名間鄉第2選舉區,陳宜寧,2
南投縣名間鄉第3選舉區,余蕎安,1
南投縣名間鄉第3選舉區,陳廣政,2
南投縣名間鄉第4選舉區,謝智堯,1
南投縣名間鄉第4選舉區,陳永順,2
南投縣名間鄉第4選舉區,易南u,3
南投縣鹿谷鄉第1選舉區,康峻瑜,1
南投縣鹿谷鄉第1選舉區,潘增徽,2
南投縣鹿谷鄉第1選舉區,黃錫?,3
南投縣鹿谷鄉第1選舉區,蘇炳南,4
南投縣鹿谷鄉第1選舉區,蔡翠容,5
南投縣鹿谷鄉第1選舉區,陳仁坤,6
南投縣鹿谷鄉第1選舉區,黃彩霞,7
南投縣鹿谷鄉第2選舉區,葉瑞鐘,1
南投縣鹿谷鄉第2選舉區,林智鴻,2
南投縣鹿谷鄉第2選舉區,李美如,3
南投縣鹿谷鄉第2選舉區,柯彩玲,4
南投縣鹿谷鄉第2選舉區,蘇聰明,5
南投縣鹿谷鄉第3選舉區,林江鴻,1
南投縣鹿谷鄉第3選舉區,陳君宜,2
南投縣鹿谷鄉第3選舉區,林錡享,3
南投縣中寮鄉第1選舉區,邱寶林,1
南投縣中寮鄉第1選舉區,廖彩秀,2
南投縣中寮鄉第1選舉區,蔡昭智,3
南投縣中寮鄉第1選舉區,張俊隆,4
南投縣中寮鄉第1選舉區,林木燦,5
南投縣中寮鄉第2選舉區,周俊霖,1
南投縣中寮鄉第2選舉區,游如村,2
南投縣中寮鄉第2選舉區,魏秀桃,3
南投縣中寮鄉第2選舉區,張裕發,4
南投縣中寮鄉第2選舉區,鄒紹寬,5
南投縣中寮鄉第2選舉區,張疋,6
南投縣中寮鄉第3選舉區,廖義安,1
南投縣中寮鄉第3選舉區,詹三宜,2
南投縣中寮鄉第3選舉區,卓金棟,3
南投縣中寮鄉第4選舉區,詹其清,1
南投縣中寮鄉第4選舉區,謝炫樵,2
南投縣中寮鄉第4選舉區,賴燕雪,3
南投縣魚池鄉第1選舉區,劉勝隆,1
南投縣魚池鄉第1選舉區,巫嘉智,2
南投縣魚池鄉第1選舉區,林玉祥,3
南投縣魚池鄉第1選舉區,王若嵐,4
南投縣魚池鄉第1選舉區,許慶華,5
南投縣魚池鄉第1選舉區,許昭衍,6
南投縣魚池鄉第1選舉區,劉家妤,7
南投縣魚池鄉第1選舉區,巫姿蓉,8
南投縣魚池鄉第2選舉區,黃文雄,1
南投縣魚池鄉第2選舉區,梁政裕,2
南投縣魚池鄉第2選舉區,黃志卿,3
南投縣魚池鄉第3選舉區,王聖勛,1
南投縣魚池鄉第3選舉區,丹林志成,2
南投縣魚池鄉第3選舉區,劉嘉屯,3
南投縣魚池鄉第3選舉區,黃益琪,4
南投縣國姓鄉第1選舉區,陳春綢,1
南投縣國姓鄉第1選舉區,曾明雪,2
南投縣國姓鄉第2選舉區,謝進春,1
南投縣國姓鄉第2選舉區,陳星全,2
南投縣國姓鄉第2選舉區,范玉秀,3
南投縣國姓鄉第2選舉區,徐錦基,4
南投縣國姓鄉第2選舉區,邱秋榮,5
南投縣國姓鄉第2選舉區,黃洋琴,6
南投縣國姓鄉第3選舉區,黃建勳,1
南投縣國姓鄉第3選舉區,葉峻潛,2
南投縣國姓鄉第3選舉區,賴權藝,3
南投縣國姓鄉第4選舉區,林雲生,1
南投縣國姓鄉第4選舉區,林東漢,2
南投縣國姓鄉第4選舉區,謝佛青,3
南投縣水里鄉第1選舉區,詹淵州,1
南投縣水里鄉第1選舉區,林昆平,2
南投縣水里鄉第1選舉區,王乃正,3
南投縣水里鄉第1選舉區,洪宜芬,4
南投縣水里鄉第1選舉區,潘麗菊,5
南投縣水里鄉第2選舉區,陳世明,1
南投縣水里鄉第2選舉區,湯美蘭,2
南投縣水里鄉第2選舉區,劉素雲,3
南投縣水里鄉第2選舉區,莊素玉,4
南投縣水里鄉第2選舉區,林文雄,5
南投縣水里鄉第2選舉區,詹文吉,6
南投縣水里鄉第2選舉區,林育立,7
南投縣水里鄉第2選舉區,范振諒,8
南投縣水里鄉第3選舉區,劉俊生,1
南投縣水里鄉第3選舉區,張弘毅,2
南投縣水里鄉第4選舉區,陳明卿,1
南投縣水里鄉第4選舉區,許錫明,2
南投縣信義鄉第1選舉區,邱瑞榮,1
南投縣信義鄉第1選舉區,辜麗華,2
南投縣信義鄉第1選舉區,伍正發,3
南投縣信義鄉第1選舉區,林麗英,4
南投縣信義鄉第1選舉區,陳永松,5
南投縣信義鄉第2選舉區,甘新春,1
南投縣信義鄉第2選舉區,伊斯巴拉淦.吾瑪斯Is Pala Kan．Umas,2
南投縣信義鄉第2選舉區,吳炎煌,3
南投縣信義鄉第2選舉區,吳世民,4
南投縣信義鄉第2選舉區,司文欽,5
南投縣信義鄉第3選舉區,伍榮富Dahu．Takistahai-ian,1
南投縣信義鄉第3選舉區,李國源,2
南投縣信義鄉第3選舉區,謝在坤,3
南投縣信義鄉第3選舉區,陳建勳,4
南投縣信義鄉第4選舉區,全得民,1
南投縣信義鄉第4選舉區,幸金龍,2
南投縣信義鄉第4選舉區,松東隆,3
南投縣信義鄉第4選舉區,谷明耀,4
南投縣信義鄉第4選舉區,金馬嵐Balang．Nangavulan,5
南投縣仁愛鄉第1選舉區,林秋菊,1
南投縣仁愛鄉第1選舉區,周志航 Pihu．Nawe,2
南投縣仁愛鄉第1選舉區,蕭傳吉,3
南投縣仁愛鄉第1選舉區,孫敏娟,4
南投縣仁愛鄉第1選舉區,欉振程,5
南投縣仁愛鄉第2選舉區,廖英機,1
南投縣仁愛鄉第2選舉區,施宜宏,2
南投縣仁愛鄉第2選舉區,林玉森,3
南投縣仁愛鄉第2選舉區,吳明德,4
南投縣仁愛鄉第2選舉區,卓上龍 Watan．Haru,5
南投縣仁愛鄉第2選舉區,潘佩琪,6
南投縣仁愛鄉第2選舉區,陳秀惠,7
南投縣仁愛鄉第3選舉區,辜志雄,1
南投縣仁愛鄉第3選舉區,杜水寶,2
南投縣仁愛鄉第3選舉區,石志雄,3
南投縣仁愛鄉第3選舉區,洪文全,4
南投縣仁愛鄉第3選舉區,高俊明,5
南投縣仁愛鄉第4選舉區,謝光明,1
南投縣仁愛鄉第4選舉區,林瑞祥,2
雲林縣斗六市第1選舉區,游嘉慧,1
雲林縣斗六市第1選舉區,蔡孟岳,2
雲林縣斗六市第1選舉區,周昆鋒,3
雲林縣斗六市第1選舉區,孫美鈴,4
雲林縣斗六市第1選舉區,范植增,5
雲林縣斗六市第1選舉區,張書德,6
雲林縣斗六市第1選舉區,林政憲,7
雲林縣斗六市第1選舉區,劉宗穎,8
雲林縣斗六市第2選舉區,沈珍治,1
雲林縣斗六市第2選舉區,陳信宏,2
雲林縣斗六市第2選舉區,石豐瑋,3
雲林縣斗六市第2選舉區,黃尤美,4
雲林縣斗六市第2選舉區,林益豪,5
雲林縣斗六市第2選舉區,顏碧祺,6
雲林縣斗六市第2選舉區,李政達,7
雲林縣斗六市第3選舉區,黃鈺雲,1
雲林縣斗六市第3選舉區,張語芳,2
雲林縣斗六市第3選舉區,賴瑪玲,3
雲林縣斗六市第3選舉區,李深淵,4
雲林縣斗六市第3選舉區,蔣月娥,5
雲林縣斗六市第3選舉區,胡克勤,6
雲林縣斗六市第3選舉區,陳品宏,7
雲林縣斗六市第4選舉區,張宏銘,1
雲林縣斗六市第4選舉區,楊志忠,2
雲林縣斗六市第4選舉區,曾春火,3
雲林縣斗六市第4選舉區,鐘逢訓,4
雲林縣斗六市第4選舉區,李美瑤,5
雲林縣斗南鎮第1選舉區,林兆騰,1
雲林縣斗南鎮第1選舉區,楊國明,2
雲林縣斗南鎮第1選舉區,張芯方,3
雲林縣斗南鎮第1選舉區,張再固,4
雲林縣斗南鎮第1選舉區,許良富,5
雲林縣斗南鎮第1選舉區,陳毅弘,6
雲林縣斗南鎮第2選舉區,黃藏諒,1
雲林縣斗南鎮第2選舉區,黃景鴻,2
雲林縣斗南鎮第2選舉區,薛維甲,3
雲林縣斗南鎮第3選舉區,蔡正松,1
雲林縣斗南鎮第3選舉區,陳麗蘭,2
雲林縣斗南鎮第3選舉區,鄭秀尉,3
雲林縣斗南鎮第3選舉區,林燦煌,4
雲林縣斗南鎮第3選舉區,林惇誠,5
雲林縣斗南鎮第3選舉區,謝昌曄,6
雲林縣斗南鎮第3選舉區,陳大華,7
雲林縣斗南鎮第3選舉區,陳靜娟,8
雲林縣斗南鎮第4選舉區,沈?祺,1
雲林縣斗南鎮第4選舉區,粘清,2
雲林縣斗南鎮第4選舉區,陳秀章,3
雲林縣斗南鎮第4選舉區,李建燁,4
雲林縣斗南鎮第4選舉區,張淑媛,5
雲林縣虎尾鎮第1選舉區,戴清吉,1
雲林縣虎尾鎮第1選舉區,沈龍江,2
雲林縣虎尾鎮第1選舉區,李素娥,3
雲林縣虎尾鎮第1選舉區,王淑卿,4
雲林縣虎尾鎮第1選舉區,王彥量,5
雲林縣虎尾鎮第1選舉區,黃貴香,6
雲林縣虎尾鎮第1選舉區,曾偉?,7
雲林縣虎尾鎮第1選舉區,王秀卿,8
雲林縣虎尾鎮第1選舉區,陳克盛,9
雲林縣虎尾鎮第1選舉區,林嘉弘,10
雲林縣虎尾鎮第1選舉區,林建華,11
雲林縣虎尾鎮第1選舉區,陳獻堂,12
雲林縣虎尾鎮第1選舉區,陳瑩娟,13
雲林縣虎尾鎮第1選舉區,丁鈺峮,14
雲林縣虎尾鎮第2選舉區,陳明聖,1
雲林縣虎尾鎮第2選舉區,王清煌,2
雲林縣虎尾鎮第3選舉區,林文政,1
雲林縣虎尾鎮第3選舉區,陳慶芳,2
雲林縣虎尾鎮第3選舉區,周世龍,3
雲林縣虎尾鎮第3選舉區,林進元,4
雲林縣虎尾鎮第4選舉區,王秉睿,1
雲林縣虎尾鎮第4選舉區,劉建國,2
雲林縣虎尾鎮第4選舉區,陳樹泉,3
雲林縣虎尾鎮第4選舉區,丁榮富,4
雲林縣西螺鎮第1選舉區,廖本雄,1
雲林縣西螺鎮第1選舉區,王頤翎,2
雲林縣西螺鎮第1選舉區,廖庭輝,3
雲林縣西螺鎮第1選舉區,王裔迪,4
雲林縣西螺鎮第1選舉區,廖洺濠,5
雲林縣西螺鎮第1選舉區,廖秀娟,6
雲林縣西螺鎮第1選舉區,許盈盈,7
雲林縣西螺鎮第2選舉區,鄭東岳,1
雲林縣西螺鎮第2選舉區,林俊甫,2
雲林縣西螺鎮第3選舉區,林?源,1
雲林縣西螺鎮第3選舉區,廖俞順,2
雲林縣西螺鎮第3選舉區,曾特掌,3
雲林縣西螺鎮第4選舉區,程進森,1
雲林縣西螺鎮第4選舉區,吳志明,2
雲林縣西螺鎮第4選舉區,廖彩樺,3
雲林縣土庫鎮第1選舉區,謝夙秋,1
雲林縣土庫鎮第1選舉區,王錦文,2
雲林縣土庫鎮第1選舉區,洪小龍,3
雲林縣土庫鎮第1選舉區,陳皇民,4
雲林縣土庫鎮第1選舉區,趙美惠,5
雲林縣土庫鎮第2選舉區,蕭金池,1
雲林縣土庫鎮第2選舉區,許群英,2
雲林縣土庫鎮第3選舉區,李學傑,1
雲林縣土庫鎮第3選舉區,吳讚樓,2
雲林縣土庫鎮第3選舉區,王詩文,3
雲林縣土庫鎮第3選舉區,王鴻凱,4
雲林縣土庫鎮第4選舉區,王美蘭,1
雲林縣土庫鎮第4選舉區,侯贈寶,2
雲林縣土庫鎮第4選舉區,黃信章,3
雲林縣北港鎮第1選舉區,許珍娜,1
雲林縣北港鎮第1選舉區,陳卉亞,2
雲林縣北港鎮第1選舉區,陳介民,3
雲林縣北港鎮第1選舉區,姚辛澤,4
雲林縣北港鎮第1選舉區,蔡明君,5
雲林縣北港鎮第1選舉區,黃美蘭,6
雲林縣北港鎮第2選舉區,王國安,1
雲林縣北港鎮第2選舉區,徐秀梅,2
雲林縣北港鎮第2選舉區,陳炳炎,3
雲林縣北港鎮第2選舉區,陳意如,4
雲林縣北港鎮第2選舉區,詹宜錫,5
雲林縣北港鎮第3選舉區,翁秋賓,1
雲林縣北港鎮第3選舉區,許玉明,2
雲林縣古坑鄉第1選舉區,高子瑋,1
雲林縣古坑鄉第1選舉區,賴堂元,2
雲林縣古坑鄉第1選舉區,王溪松,3
雲林縣古坑鄉第1選舉區,賴嘉濱,4
雲林縣古坑鄉第1選舉區,張惠萍,5
雲林縣古坑鄉第2選舉區,黃朝裕,1
雲林縣古坑鄉第2選舉區,鄭育靜,2
雲林縣古坑鄉第2選舉區,葉和源,3
雲林縣古坑鄉第2選舉區,黃璟翔,4
雲林縣古坑鄉第2選舉區,詹佩燁,5
雲林縣古坑鄉第2選舉區,黃忠興,6
雲林縣古坑鄉第3選舉區,鄭和義,1
雲林縣古坑鄉第3選舉區,陳文山,2
雲林縣古坑鄉第3選舉區,葉明桂,3
雲林縣古坑鄉第4選舉區,陳茂栯,1
雲林縣古坑鄉第4選舉區,王?霖,2
雲林縣古坑鄉第4選舉區,劉松波,3
雲林縣大埤鄉第1選舉區,賴寶霞,1
雲林縣大埤鄉第1選舉區,陳秋慶,2
雲林縣大埤鄉第2選舉區,陳大松,1
雲林縣大埤鄉第2選舉區,林碧珍,2
雲林縣大埤鄉第2選舉區,郭明智,3
雲林縣大埤鄉第2選舉區,莊順吉,4
雲林縣大埤鄉第2選舉區,鄧志宏,5
雲林縣大埤鄉第2選舉區,王麗華,6
雲林縣大埤鄉第2選舉區,劉昇益,7
雲林縣大埤鄉第2選舉區,吳茂崧,8
雲林縣大埤鄉第3選舉區,謝有惟,1
雲林縣大埤鄉第3選舉區,黃建銘,2
雲林縣大埤鄉第3選舉區,陳海山,3
雲林縣大埤鄉第3選舉區,許訓曉,4
雲林縣大埤鄉第3選舉區,張改援,5
雲林縣大埤鄉第4選舉區,謝進鎰,1
雲林縣大埤鄉第4選舉區,王萬來,2
雲林縣大埤鄉第4選舉區,王明輝,3
雲林縣莿桐鄉第1選舉區,林群力,1
雲林縣莿桐鄉第1選舉區,林味珍,2
雲林縣莿桐鄉第1選舉區,林祺祐,3
雲林縣莿桐鄉第1選舉區,林?,4
雲林縣莿桐鄉第1選舉區,林弼昇,5
雲林縣莿桐鄉第2選舉區,余三池,1
雲林縣莿桐鄉第2選舉區,劉文溪,2
雲林縣莿桐鄉第2選舉區,林玟廷,3
雲林縣莿桐鄉第2選舉區,洪富惠,4
雲林縣莿桐鄉第2選舉區,陳榮英,5
雲林縣莿桐鄉第3選舉區,鄭長漢,1
雲林縣莿桐鄉第3選舉區,張慶添,2
雲林縣莿桐鄉第3選舉區,張金龍,3
雲林縣林內鄉第1選舉區,李松謄,1
雲林縣林內鄉第1選舉區,沈明達,2
雲林縣林內鄉第1選舉區,張信介,3
雲林縣林內鄉第1選舉區,蔡汀霖,4
雲林縣林內鄉第1選舉區,許林玉琴,5
雲林縣林內鄉第2選舉區,陳錫龍,1
雲林縣林內鄉第2選舉區,楊瑞安,2
雲林縣林內鄉第2選舉區,張宏洲,3
雲林縣林內鄉第2選舉區,連順祥,4
雲林縣林內鄉第2選舉區,王慶坤,5
雲林縣林內鄉第3選舉區,莊素棉,1
雲林縣林內鄉第3選舉區,林志憲,2
雲林縣林內鄉第3選舉區,劉名翔,3
雲林縣林內鄉第3選舉區,蔡宏昌,4
雲林縣林內鄉第3選舉區,張昭榮,5
雲林縣林內鄉第3選舉區,曾慶照,6
雲林縣林內鄉第4選舉區,張添益,1
雲林縣林內鄉第4選舉區,李麗觀,2
雲林縣林內鄉第4選舉區,嚴秉鑫,3
雲林縣林內鄉第4選舉區,黃清得,4
雲林縣林內鄉第4選舉區,曾鈺容,5
雲林縣林內鄉第4選舉區,陳洲彪,6
雲林縣二崙鄉第1選舉區,廖學龍,1
雲林縣二崙鄉第1選舉區,王信傑,2
雲林縣二崙鄉第1選舉區,廖清璋,3
雲林縣二崙鄉第2選舉區,廖偉全,1
雲林縣二崙鄉第2選舉區,廖慶杰,2
雲林縣二崙鄉第2選舉區,廖文超,3
雲林縣二崙鄉第2選舉區,廖坤盛,4
雲林縣二崙鄉第3選舉區,鍾瑜娟,1
雲林縣二崙鄉第3選舉區,楊世彬,2
雲林縣二崙鄉第3選舉區,李日栓,3
雲林縣二崙鄉第4選舉區,高志成,1
雲林縣二崙鄉第4選舉區,廖大方,2
雲林縣二崙鄉第5選舉區,鍾應武,1
雲林縣二崙鄉第5選舉區,洪美雲,2
雲林縣崙背鄉第1選舉區,李明恭,1
雲林縣崙背鄉第1選舉區,李居安,2
雲林縣崙背鄉第1選舉區,李國平,3
雲林縣崙背鄉第1選舉區,顏大裕,4
雲林縣崙背鄉第2選舉區,廖高源,1
雲林縣崙背鄉第2選舉區,李乾琿,2
雲林縣崙背鄉第2選舉區,李日有,3
雲林縣崙背鄉第2選舉區,李日存,4
雲林縣崙背鄉第3選舉區,蔡誌山,1
雲林縣崙背鄉第3選舉區,梁?東,2
雲林縣崙背鄉第3選舉區,林丁財,3
雲林縣崙背鄉第4選舉區,林基明,1
雲林縣崙背鄉第4選舉區,林金玲,2
雲林縣崙背鄉第4選舉區,陳建和,3
雲林縣崙背鄉第4選舉區,蔡日生,4
雲林縣崙背鄉第4選舉區,林文正,5
雲林縣麥寮鄉第1選舉區,鐘秀美,1
雲林縣麥寮鄉第1選舉區,吳宗典,2
雲林縣麥寮鄉第1選舉區,陳宏吉,3
雲林縣麥寮鄉第1選舉區,吳明宜,4
雲林縣麥寮鄉第1選舉區,黃炳舜,5
雲林縣麥寮鄉第1選舉區,韓青山,6
雲林縣麥寮鄉第2選舉區,曾崇旺,1
雲林縣麥寮鄉第2選舉區,林森敏,2
雲林縣麥寮鄉第2選舉區,許高源,3
雲林縣麥寮鄉第3選舉區,許智鈞,1
雲林縣麥寮鄉第3選舉區,張俊生,2
雲林縣麥寮鄉第3選舉區,許慧志,3
雲林縣麥寮鄉第3選舉區,許漢郎,4
雲林縣麥寮鄉第4選舉區,林志隆,1
雲林縣麥寮鄉第4選舉區,康正宗,2
雲林縣麥寮鄉第4選舉區,雷忠儀,3
雲林縣東勢鄉第1選舉區,張浚雄,1
雲林縣東勢鄉第1選舉區,黃文智,2
雲林縣東勢鄉第1選舉區,戴樂義,3
雲林縣東勢鄉第1選舉區,劉家瑋,4
雲林縣東勢鄉第2選舉區,林珈宏,1
雲林縣東勢鄉第2選舉區,林陳秀燕,2
雲林縣東勢鄉第2選舉區,丁棟財,3
雲林縣東勢鄉第2選舉區,林惠如,4
雲林縣東勢鄉第3選舉區,陳?鋅,1
雲林縣東勢鄉第3選舉區,張哲維,2
雲林縣東勢鄉第3選舉區,周國賢,3
雲林縣東勢鄉第3選舉區,周嵩展,4
雲林縣東勢鄉第4選舉區,吳金福,1
雲林縣東勢鄉第4選舉區,許育銘,2
雲林縣褒忠鄉第1選舉區,陳釧田,1
雲林縣褒忠鄉第1選舉區,陳永枳,2
雲林縣褒忠鄉第1選舉區,張淑女,3
雲林縣褒忠鄉第1選舉區,張敏雄,4
雲林縣褒忠鄉第2選舉區,劉家誠,1
雲林縣褒忠鄉第2選舉區,郭敏娟,2
雲林縣褒忠鄉第2選舉區,陳玉芳,3
雲林縣褒忠鄉第2選舉區,鄒禮鴻,4
雲林縣褒忠鄉第2選舉區,蘇宇曦,5
雲林縣褒忠鄉第2選舉區,林月女,6
雲林縣褒忠鄉第3選舉區,劉丁泉,1
雲林縣褒忠鄉第3選舉區,林淑靜,2
雲林縣褒忠鄉第3選舉區,林一民,3
雲林縣褒忠鄉第4選舉區,張漢村,1
雲林縣褒忠鄉第4選舉區,陳良俊,2
雲林縣臺西鄉第1選舉區,趙育祥,1
雲林縣臺西鄉第1選舉區,姚志忠,2
雲林縣臺西鄉第1選舉區,戴勇男,3
雲林縣臺西鄉第1選舉區,林清鋒,4
雲林縣臺西鄉第2選舉區,林敵虎,1
雲林縣臺西鄉第2選舉區,吳一平,2
雲林縣臺西鄉第2選舉區,吳花環,3
雲林縣臺西鄉第2選舉區,吳四維,4
雲林縣臺西鄉第2選舉區,吳振吉,5
雲林縣臺西鄉第3選舉區,吳俊德,1
雲林縣臺西鄉第3選舉區,林天祥,2
雲林縣臺西鄉第3選舉區,林漢默,3
雲林縣臺西鄉第3選舉區,張金寶,4
雲林縣臺西鄉第4選舉區,丁秋??,1
雲林縣臺西鄉第4選舉區,陳文求,2
雲林縣臺西鄉第4選舉區,林勝山,3
雲林縣臺西鄉第4選舉區,林民雄,4
雲林縣元長鄉第1選舉區,李玨霈,1
雲林縣元長鄉第1選舉區,陳明振,2
雲林縣元長鄉第1選舉區,李榮三,3
雲林縣元長鄉第1選舉區,李咱,4
雲林縣元長鄉第1選舉區,李宗懋,5
雲林縣元長鄉第1選舉區,李吉浩,6
雲林縣元長鄉第2選舉區,邱專安,1
雲林縣元長鄉第2選舉區,徐銘欽,2
雲林縣元長鄉第2選舉區,吳土虱,3
雲林縣元長鄉第2選舉區,鄭申局,4
雲林縣元長鄉第2選舉區,吳新忠,5
雲林縣元長鄉第3選舉區,陳麒方,1
雲林縣元長鄉第3選舉區,陳聖元,2
雲林縣元長鄉第3選舉區,張萬教,3
雲林縣元長鄉第3選舉區,劉東芳,4
雲林縣元長鄉第3選舉區,邱銘煌,5
雲林縣四湖鄉第1選舉區,吳漢龍,1
雲林縣四湖鄉第1選舉區,蔡淑薇,2
雲林縣四湖鄉第1選舉區,吳麗娜,3
雲林縣四湖鄉第1選舉區,蔡鐘皞,4
雲林縣四湖鄉第1選舉區,蔡昌孟,5
雲林縣四湖鄉第1選舉區,賴俊澄,6
雲林縣四湖鄉第1選舉區,蔡裕筆,7
雲林縣四湖鄉第1選舉區,吳介群,8
雲林縣四湖鄉第2選舉區,吳銘聲,1
雲林縣四湖鄉第2選舉區,吳顯志,2
雲林縣四湖鄉第3選舉區,蔡坤育,1
雲林縣四湖鄉第3選舉區,吳明信,2
雲林縣四湖鄉第3選舉區,吳曜宗,3
雲林縣四湖鄉第3選舉區,吳順博,4
雲林縣四湖鄉第3選舉區,蔡坤廷,5
雲林縣四湖鄉第4選舉區,林振利,1
雲林縣四湖鄉第4選舉區,林伯晏,2
雲林縣四湖鄉第4選舉區,林克遠,3
雲林縣四湖鄉第4選舉區,林文智,4
雲林縣口湖鄉第1選舉區,林訓成,1
雲林縣口湖鄉第1選舉區,呂永添,2
雲林縣口湖鄉第1選舉區,蔡朝興,3
雲林縣口湖鄉第1選舉區,呂三進,4
雲林縣口湖鄉第1選舉區,蘇慶璋,5
雲林縣口湖鄉第2選舉區,王老閩,1
雲林縣口湖鄉第2選舉區,王溪邊,2
雲林縣口湖鄉第2選舉區,王紫陽,3
雲林縣口湖鄉第2選舉區,王清呈,4
雲林縣口湖鄉第2選舉區,王碧聰,5
雲林縣口湖鄉第2選舉區,吳東宸,6
雲林縣口湖鄉第2選舉區,楊萬吉,7
雲林縣口湖鄉第3選舉區,何明楷,1
雲林縣口湖鄉第3選舉區,林松禾,2
雲林縣口湖鄉第3選舉區,呂順賢,3
雲林縣口湖鄉第3選舉區,李惠民,4
雲林縣口湖鄉第4選舉區,葉國宏,1
雲林縣口湖鄉第4選舉區,蔡清海,2
雲林縣口湖鄉第4選舉區,李瑞賢,3
雲林縣口湖鄉第4選舉區,李佳昌,4
雲林縣口湖鄉第4選舉區,李宸杉,5
雲林縣口湖鄉第4選舉區,邱月鳳,6
雲林縣水林鄉第1選舉區,李益昌,1
雲林縣水林鄉第1選舉區,陳文正,2
雲林縣水林鄉第1選舉區,陳嘉軒,3
雲林縣水林鄉第1選舉區,吳芙蓉,4
雲林縣水林鄉第1選舉區,李素勵,5
雲林縣水林鄉第1選舉區,柯柏琳,6
雲林縣水林鄉第1選舉區,蔡坤港,7
雲林縣水林鄉第2選舉區,陳竹城,1
雲林縣水林鄉第2選舉區,吳建融,2
雲林縣水林鄉第2選舉區,陳秋燕,3
雲林縣水林鄉第2選舉區,嚴上山,4
雲林縣水林鄉第3選舉區,黃世勳,1
雲林縣水林鄉第3選舉區,陳盈璇,2
雲林縣水林鄉第3選舉區,李志雄,3
雲林縣水林鄉第3選舉區,黃明賢,4
雲林縣水林鄉第3選舉區,周聯聰,5
雲林縣水林鄉第3選舉區,洪重揚,6
雲林縣水林鄉第4選舉區,王朝?,1
雲林縣水林鄉第4選舉區,蔡東富,2
嘉義縣太保市第1選舉區,吳宏哲,1
嘉義縣太保市第1選舉區,龔宗勇,2
嘉義縣太保市第1選舉區,蔡聰敏,3
嘉義縣太保市第1選舉區,郭鳳秋,4
嘉義縣太保市第1選舉區,官汝濃,5
嘉義縣太保市第1選舉區,林淑勉,6
嘉義縣太保市第2選舉區,程慶隆,1
嘉義縣太保市第2選舉區,葉千田,2
嘉義縣太保市第3選舉區,蔡覲聰,1
嘉義縣太保市第3選舉區,許正憲,2
嘉義縣太保市第3選舉區,許秀燕,3
嘉義縣太保市第3選舉區,巫清安,4
嘉義縣太保市第3選舉區,陳信宏,5
嘉義縣太保市第3選舉區,朱聰麟,6
嘉義縣太保市第3選舉區,葉俊男,7
嘉義縣太保市第3選舉區,周玉岸,8
嘉義縣朴子市第1選舉區,李典達,1
嘉義縣朴子市第1選舉區,吳心俊,2
嘉義縣朴子市第1選舉區,黃陳伯蓮,3
嘉義縣朴子市第1選舉區,黃基全,4
嘉義縣朴子市第1選舉區,施志穎,5
嘉義縣朴子市第1選舉區,黃小文,6
嘉義縣朴子市第1選舉區,黃智群,7
嘉義縣朴子市第1選舉區,邱鉦荃,8
嘉義縣朴子市第1選舉區,黃福卿,9
嘉義縣朴子市第2選舉區,侯淵銘,1
嘉義縣朴子市第2選舉區,涂世昌,2
嘉義縣朴子市第2選舉區,侯明堯,3
嘉義縣朴子市第2選舉區,陳玉霞,4
嘉義縣朴子市第2選舉區,涂義東,5
嘉義縣朴子市第2選舉區,黃建榮,6
嘉義縣朴子市第2選舉區,侯清河,7
嘉義縣朴子市第2選舉區,涂福義,8
嘉義縣朴子市第2選舉區,涂光毅,9
嘉義縣朴子市第2選舉區,董雅燕,10
嘉義縣朴子市第3選舉區,黃河宗,1
嘉義縣朴子市第3選舉區,王文賀,2
嘉義縣朴子市第3選舉區,吳宇宏,3
嘉義縣布袋鎮第1選舉區,蕭震穎,1
嘉義縣布袋鎮第1選舉區,蔡石鵬,2
嘉義縣布袋鎮第1選舉區,王素燕,3
嘉義縣布袋鎮第1選舉區,蔡麗娜,4
嘉義縣布袋鎮第1選舉區,蕭素蘭,5
嘉義縣布袋鎮第2選舉區,王仁靖,1
嘉義縣布袋鎮第2選舉區,李佳芳,2
嘉義縣布袋鎮第2選舉區,李和芳,3
嘉義縣布袋鎮第2選舉區,陳崑東,4
嘉義縣布袋鎮第3選舉區,王佳儀,1
嘉義縣布袋鎮第3選舉區,郭柏坊,2
嘉義縣布袋鎮第3選舉區,邱宏齊,3
嘉義縣布袋鎮第3選舉區,蔡崇仕,4
嘉義縣布袋鎮第3選舉區,邱彬,5
嘉義縣布袋鎮第3選舉區,蘇邱麗月,6
嘉義縣大林鎮第1選舉區,楊大昌,1
嘉義縣大林鎮第1選舉區,陳緯霖,2
嘉義縣大林鎮第1選舉區,謝明瑞,3
嘉義縣大林鎮第1選舉區,簡嘉榮,4
嘉義縣大林鎮第1選舉區,簡文桓,5
嘉義縣大林鎮第1選舉區,陳佳琳,6
嘉義縣大林鎮第1選舉區,江明赫,7
嘉義縣大林鎮第1選舉區,陳源祺,8
嘉義縣大林鎮第1選舉區,張伊芊,9
嘉義縣大林鎮第2選舉區,陳慧琴,1
嘉義縣大林鎮第2選舉區,許逸封,2
嘉義縣大林鎮第2選舉區,黃旭成,3
嘉義縣大林鎮第2選舉區,林永堉,4
嘉義縣大林鎮第2選舉區,陳進祥,5
嘉義縣大林鎮第2選舉區,王建彬,6
嘉義縣大林鎮第2選舉區,簡安邦,7
嘉義縣大林鎮第2選舉區,薛明珍,8
嘉義縣民雄鄉第1選舉區,涂文生,1
嘉義縣民雄鄉第1選舉區,劉光榮,2
嘉義縣民雄鄉第1選舉區,賴陳淑櫻,3
嘉義縣民雄鄉第1選舉區,黃國雅,4
嘉義縣民雄鄉第1選舉區,何宏榮,5
嘉義縣民雄鄉第1選舉區,楊秀密,6
嘉義縣民雄鄉第2選舉區,鄭春龍,1
嘉義縣民雄鄉第2選舉區,周榮茂,2
嘉義縣民雄鄉第2選舉區,黃春榮,3
嘉義縣民雄鄉第2選舉區,陳鳳釵,4
嘉義縣民雄鄉第2選舉區,郭永亮,5
嘉義縣民雄鄉第2選舉區,鄭嘉櫳,6
嘉義縣民雄鄉第2選舉區,謝秋香,7
嘉義縣民雄鄉第2選舉區,江水林,8
嘉義縣民雄鄉第2選舉區,游邱月勤,9
嘉義縣民雄鄉第2選舉區,許富銘,10
嘉義縣民雄鄉第2選舉區,陳琮貽,11
嘉義縣民雄鄉第3選舉區,何元儀,1
嘉義縣民雄鄉第3選舉區,李紹誠,2
嘉義縣民雄鄉第3選舉區,郭冬閑,3
嘉義縣民雄鄉第3選舉區,何炎山,4
嘉義縣民雄鄉第3選舉區,許麗琴,5
嘉義縣溪口鄉第1選舉區,張旭昇,1
嘉義縣溪口鄉第1選舉區,賴信祿,2
嘉義縣溪口鄉第1選舉區,邱淑玲,3
嘉義縣溪口鄉第1選舉區,張麗美,4
嘉義縣溪口鄉第1選舉區,洪雪玲,5
嘉義縣溪口鄉第1選舉區,詹明宗,6
嘉義縣溪口鄉第1選舉區,姚炳男,7
嘉義縣溪口鄉第1選舉區,劉勝彥,8
嘉義縣溪口鄉第1選舉區,劉耀淳,9
嘉義縣溪口鄉第2選舉區,王春森,1
嘉義縣溪口鄉第2選舉區,蔡錦雯,2
嘉義縣溪口鄉第2選舉區,吳世舟,3
嘉義縣溪口鄉第2選舉區,邱翠雲,4
嘉義縣溪口鄉第2選舉區,何振達,5
嘉義縣溪口鄉第2選舉區,賴俊吉,6
嘉義縣新港鄉第1選舉區,何文珊,1
嘉義縣新港鄉第1選舉區,盧明政,2
嘉義縣新港鄉第1選舉區,洪鴻然,3
嘉義縣新港鄉第1選舉區,馬瑞駿,4
嘉義縣新港鄉第1選舉區,林嘉慶,5
嘉義縣新港鄉第1選舉區,嚴崴駿,6
嘉義縣新港鄉第1選舉區,蔡錦屏,7
嘉義縣新港鄉第1選舉區,陳靜琪,8
嘉義縣新港鄉第1選舉區,林永宏,9
嘉義縣新港鄉第2選舉區,林國富,1
嘉義縣新港鄉第2選舉區,林佳昇,2
嘉義縣新港鄉第2選舉區,江筱芃,3
嘉義縣新港鄉第2選舉區,吳石城,4
嘉義縣新港鄉第2選舉區,程良驥,5
嘉義縣新港鄉第2選舉區,林振成,6
嘉義縣新港鄉第2選舉區,何秀英,7
嘉義縣新港鄉第2選舉區,林宸志,8
嘉義縣六腳鄉第1選舉區,黃英文,1
嘉義縣六腳鄉第1選舉區,陳德憲,2
嘉義縣六腳鄉第1選舉區,黃善,3
嘉義縣六腳鄉第1選舉區,洪乾文,4
嘉義縣六腳鄉第1選舉區,黃致雄,5
嘉義縣六腳鄉第1選舉區,侯楊柔,6
嘉義縣六腳鄉第1選舉區,黃頌和,7
嘉義縣六腳鄉第1選舉區,陳杉才,8
嘉義縣六腳鄉第2選舉區,黃君財,1
嘉義縣六腳鄉第2選舉區,角麗卿,2
嘉義縣六腳鄉第2選舉區,陳寶賢,3
嘉義縣六腳鄉第2選舉區,蘇渝庭,4
嘉義縣六腳鄉第2選舉區,黃忠河,5
嘉義縣六腳鄉第2選舉區,黃有義,6
嘉義縣六腳鄉第2選舉區,黃秋祥,7
嘉義縣六腳鄉第2選舉區,莊新地,8
嘉義縣六腳鄉第3選舉區,廖法志,1
嘉義縣六腳鄉第3選舉區,周宗吉,2
嘉義縣六腳鄉第3選舉區,謝守吉,3
嘉義縣東石鄉第1選舉區,蔡木貴,1
嘉義縣東石鄉第1選舉區,黃東岳,2
嘉義縣東石鄉第1選舉區,黃錫駒,3
嘉義縣東石鄉第2選舉區,蔡淑惠,1
嘉義縣東石鄉第2選舉區,黃碧瑜,2
嘉義縣東石鄉第2選舉區,陳振峰,3
嘉義縣東石鄉第2選舉區,徐明?,4
嘉義縣東石鄉第3選舉區,李佳麟,1
嘉義縣東石鄉第3選舉區,柯淑勤,2
嘉義縣東石鄉第3選舉區,陳建聰,3
嘉義縣東石鄉第3選舉區,鄭存佑,4
嘉義縣東石鄉第3選舉區,陳朝順,5
嘉義縣義竹鄉第1選舉區,劉俊毅,1
嘉義縣義竹鄉第1選舉區,黃俊銘,2
嘉義縣義竹鄉第1選舉區,林翁芷圉,3
嘉義縣義竹鄉第1選舉區,翁榮輝,4
嘉義縣義竹鄉第1選舉區,蕭惠薰,5
嘉義縣義竹鄉第1選舉區,翁麗玲,6
嘉義縣義竹鄉第1選舉區,翁明收,7
嘉義縣義竹鄉第2選舉區,顏正惠,1
嘉義縣義竹鄉第2選舉區,康斯媛,2
嘉義縣義竹鄉第2選舉區,黃金獅,3
嘉義縣義竹鄉第2選舉區,郭崑山,4
嘉義縣義竹鄉第2選舉區,蕭加朗,5
嘉義縣義竹鄉第2選舉區,林日申,6
嘉義縣義竹鄉第2選舉區,黃玉慧,7
嘉義縣鹿草鄉第1選舉區,宗僑英,1
嘉義縣鹿草鄉第1選舉區,鄭任宏,2
嘉義縣鹿草鄉第1選舉區,蕭秀娟,3
嘉義縣鹿草鄉第1選舉區,施水亮,4
嘉義縣鹿草鄉第1選舉區,劉永得,5
嘉義縣鹿草鄉第1選舉區,李樹明,6
嘉義縣鹿草鄉第1選舉區,張意憬,7
嘉義縣鹿草鄉第1選舉區,張材富,8
嘉義縣鹿草鄉第2選舉區,陳彥成,1
嘉義縣鹿草鄉第2選舉區,蔡莉芳,2
嘉義縣鹿草鄉第2選舉區,蔡朝陽,3
嘉義縣鹿草鄉第2選舉區,施坤霖,4
嘉義縣鹿草鄉第2選舉區,劉寶玉,5
嘉義縣鹿草鄉第2選舉區,陳旭池,6
嘉義縣鹿草鄉第2選舉區,簡嘉惠,7
嘉義縣鹿草鄉第3選舉區,詹朋樺,1
嘉義縣鹿草鄉第3選舉區,江龍飛,2
嘉義縣鹿草鄉第3選舉區,黃水來,3
嘉義縣水上鄉第1選舉區,吳建霖,1
嘉義縣水上鄉第1選舉區,劉俊成,2
嘉義縣水上鄉第1選舉區,黃榮杰,3
嘉義縣水上鄉第1選舉區,賴坤城,4
嘉義縣水上鄉第1選舉區,蕭麗卿,5
嘉義縣水上鄉第1選舉區,王笙羽,6
嘉義縣水上鄉第2選舉區,王曙柏,1
嘉義縣水上鄉第2選舉區,劉龍春,2
嘉義縣水上鄉第2選舉區,蔡山義,3
嘉義縣水上鄉第2選舉區,王勇安,4
嘉義縣水上鄉第2選舉區,王國智,5
嘉義縣水上鄉第3選舉區,簡瑞峰,1
嘉義縣水上鄉第3選舉區,陸怡蓁,2
嘉義縣水上鄉第3選舉區,林家緯,3
嘉義縣水上鄉第3選舉區,黃詠隆,4
嘉義縣水上鄉第3選舉區,林芳琪,5
嘉義縣水上鄉第3選舉區,賴振亮,6
嘉義縣中埔鄉第1選舉區,李昱蓉,1
嘉義縣中埔鄉第1選舉區,黃世昌,2
嘉義縣中埔鄉第1選舉區,羅玉梅,3
嘉義縣中埔鄉第1選舉區,侯來吉,4
嘉義縣中埔鄉第1選舉區,謝玉妙,5
嘉義縣中埔鄉第1選舉區,陳志?,6
嘉義縣中埔鄉第1選舉區,劉永安,7
嘉義縣中埔鄉第2選舉區,何韻定,1
嘉義縣中埔鄉第2選舉區,龔政忠,2
嘉義縣中埔鄉第2選舉區,王瑞麟,3
嘉義縣中埔鄉第2選舉區,劉福印,4
嘉義縣中埔鄉第2選舉區,趙國揚,5
嘉義縣中埔鄉第3選舉區,范仲傑,1
嘉義縣中埔鄉第3選舉區,賴永浤,2
嘉義縣中埔鄉第3選舉區,陳明哲,3
嘉義縣中埔鄉第3選舉區,劉月幼,4
嘉義縣中埔鄉第3選舉區,林捷夷,5
嘉義縣竹崎鄉第1選舉區,邱韻潔,1
嘉義縣竹崎鄉第1選舉區,吳金輝,2
嘉義縣竹崎鄉第1選舉區,黃清標,3
嘉義縣竹崎鄉第1選舉區,何泰鋒,4
嘉義縣竹崎鄉第1選舉區,林佳慧,5
嘉義縣竹崎鄉第1選舉區,戴嘉宏,6
嘉義縣竹崎鄉第1選舉區,陳宏吉,7
嘉義縣竹崎鄉第2選舉區,宋萬栓,1
嘉義縣竹崎鄉第2選舉區,許坤生,2
嘉義縣竹崎鄉第2選舉區,邱振財,3
嘉義縣竹崎鄉第2選舉區,鍾佳妘,4
嘉義縣竹崎鄉第2選舉區,王清美,5
嘉義縣竹崎鄉第2選舉區,張倖鈺,6
嘉義縣竹崎鄉第2選舉區,姚再生,7
嘉義縣竹崎鄉第3選舉區,王永清,1
嘉義縣竹崎鄉第3選舉區,葉育誠,2
嘉義縣竹崎鄉第3選舉區,張登堯,3
嘉義縣竹崎鄉第3選舉區,張銘?,4
嘉義縣竹崎鄉第3選舉區,翁俊宏,5
嘉義縣梅山鄉第1選舉區,高李梅粉,1
嘉義縣梅山鄉第1選舉區,陳?南,2
嘉義縣梅山鄉第1選舉區,林振煌,3
嘉義縣梅山鄉第1選舉區,林明仕,4
嘉義縣梅山鄉第1選舉區,陳靖雅,5
嘉義縣梅山鄉第1選舉區,李旭彥,6
嘉義縣梅山鄉第1選舉區,葉春桂,7
嘉義縣梅山鄉第1選舉區,謝簡秀吉,8
嘉義縣梅山鄉第1選舉區,郭文杰,9
嘉義縣梅山鄉第1選舉區,鍾孟殷,10
嘉義縣梅山鄉第2選舉區,胡錦雀,1
嘉義縣梅山鄉第2選舉區,黃錕龍,2
嘉義縣梅山鄉第2選舉區,林茂山,3
嘉義縣梅山鄉第2選舉區,羅清洲,4
嘉義縣梅山鄉第3選舉區,簡綺萱,1
嘉義縣梅山鄉第3選舉區,蔡坤堂,2
嘉義縣梅山鄉第3選舉區,吳名周,3
嘉義縣梅山鄉第3選舉區,郭文宇,4
嘉義縣梅山鄉第3選舉區,陳皇評,5
嘉義縣番路鄉第1選舉區,林政輝,1
嘉義縣番路鄉第1選舉區,蔡宏武,2
嘉義縣番路鄉第1選舉區,周昆輝,3
嘉義縣番路鄉第1選舉區,林慧君,4
嘉義縣番路鄉第1選舉區,羅勝國,5
嘉義縣番路鄉第1選舉區,張閎凱,6
嘉義縣番路鄉第1選舉區,林彩燕,7
嘉義縣番路鄉第1選舉區,劉玉柱,8
嘉義縣番路鄉第2選舉區,洪研蘋,1
嘉義縣番路鄉第2選舉區,林朝新,2
嘉義縣番路鄉第2選舉區,丁秀蘭,3
嘉義縣番路鄉第2選舉區,林宜清,4
嘉義縣番路鄉第2選舉區,林瑞英,5
嘉義縣大埔鄉第1選舉區,黃陳彩秀,1
嘉義縣大埔鄉第1選舉區,陳木全,2
嘉義縣大埔鄉第1選舉區,洪平玉,3
嘉義縣大埔鄉第1選舉區,張家豪,4
嘉義縣大埔鄉第1選舉區,簡麗霞,5
嘉義縣大埔鄉第2選舉區,林宜??,1
嘉義縣大埔鄉第2選舉區,楊見義,2
嘉義縣大埔鄉第2選舉區,劉建聰,3
嘉義縣大埔鄉第2選舉區,陳癸全,4
嘉義縣阿里山鄉第1選舉區,徐子豪,1
嘉義縣阿里山鄉第1選舉區,許瑞坤,2
嘉義縣阿里山鄉第2選舉區,林清良,1
嘉義縣阿里山鄉第2選舉區,汪之龍,2
嘉義縣阿里山鄉第2選舉區,石信忠,3
嘉義縣阿里山鄉第2選舉區,梁宗賢,4
嘉義縣阿里山鄉第2選舉區,薛文鎰,5
嘉義縣阿里山鄉第3選舉區,莊莫俄,1
嘉義縣阿里山鄉第3選舉區,王國波,2
嘉義縣阿里山鄉第3選舉區,安麗花,3
嘉義縣阿里山鄉第3選舉區,汪堅雄,4
嘉義縣阿里山鄉第3選舉區,莊榮貴,5
屏東縣屏東市第1選舉區,林玉井,1
屏東縣屏東市第1選舉區,韓林寶戀,2
屏東縣屏東市第2選舉區,饒怡君,1
屏東縣屏東市第2選舉區,傅建雄,2
屏東縣屏東市第2選舉區,林幸蓉,3
屏東縣屏東市第2選舉區,張儷馨,4
屏東縣屏東市第2選舉區,吳漢霖,5
屏東縣屏東市第2選舉區,李玉萍,6
屏東縣屏東市第2選舉區,王芬里,7
屏東縣屏東市第2選舉區,黃秈囷,8
屏東縣屏東市第3選舉區,曾文章,1
屏東縣屏東市第3選舉區,柯竣然,2
屏東縣屏東市第3選舉區,李秀O,3
屏東縣屏東市第3選舉區,蘇金秋,4
屏東縣屏東市第3選舉區,林郭麗絨,5
屏東縣屏東市第3選舉區,嚴詠馨,6
屏東縣屏東市第3選舉區,林淑香,7
屏東縣屏東市第3選舉區,林金展,8
屏東縣屏東市第3選舉區,林仁傑,9
屏東縣屏東市第3選舉區,邱水吉,10
屏東縣屏東市第3選舉區,林俊榮,11
屏東縣屏東市第3選舉區,簡美麗,12
屏東縣屏東市第3選舉區,陳韋逞,13
屏東縣屏東市第3選舉區,李進是,14
屏東縣屏東市第4選舉區,錢權宏,1
屏東縣屏東市第4選舉區,任峻賢,2
屏東縣屏東市第4選舉區,古富財,3
屏東縣屏東市第4選舉區,蕭川石,4
屏東縣屏東市第4選舉區,蕭國亮,5
屏東縣屏東市第4選舉區,李燕妮,6
屏東縣屏東市第4選舉區,張耀文,7
屏東縣屏東市第4選舉區,林韋呈,8
屏東縣屏東市第4選舉區,李漢鐘,9
屏東縣屏東市第4選舉區,王偉華,10
屏東縣屏東市第4選舉區,謝雪鳳,11
屏東縣屏東市第4選舉區,郭泰安,12
屏東縣屏東市第4選舉區,陳玉蘭,13
屏東縣屏東市第4選舉區,郭政民,14
屏東縣潮州鎮第1選舉區,王淑貞,1
屏東縣潮州鎮第1選舉區,潘素霞,2
屏東縣潮州鎮第1選舉區,鄭明玉,3
屏東縣潮州鎮第1選舉區,黃憲正,4
屏東縣潮州鎮第1選舉區,林耀宗,5
屏東縣潮州鎮第1選舉區,管能弘,6
屏東縣潮州鎮第1選舉區,廖進源,7
屏東縣潮州鎮第2選舉區,鄞玉安,1
屏東縣潮州鎮第2選舉區,李良山,2
屏東縣潮州鎮第2選舉區,陳素春,3
屏東縣潮州鎮第2選舉區,王俞森,4
屏東縣潮州鎮第2選舉區,張王惠雪,5
屏東縣潮州鎮第2選舉區,陳裕銘,6
屏東縣潮州鎮第3選舉區,高瑞坤,1
屏東縣潮州鎮第3選舉區,陳貞亮,2
屏東縣潮州鎮第3選舉區,李正順,3
屏東縣東港鎮第1選舉區,洪慶田,1
屏東縣東港鎮第1選舉區,蘇?賢,2
屏東縣東港鎮第1選舉區,楊?如,3
屏東縣東港鎮第1選舉區,林立婷,4
屏東縣東港鎮第1選舉區,黃俊嵐,5
屏東縣東港鎮第2選舉區,黃奇男,1
屏東縣東港鎮第2選舉區,蔡振茂,2
屏東縣東港鎮第3選舉區,蘇水明,1
屏東縣東港鎮第3選舉區,王賢財,2
屏東縣東港鎮第3選舉區,陳春朝,3
屏東縣東港鎮第3選舉區,謝名覲,4
屏東縣東港鎮第3選舉區,潘彥儒,5
屏東縣東港鎮第4選舉區,謝上財,1
屏東縣東港鎮第4選舉區,吳金福,2
屏東縣東港鎮第4選舉區,林清發,3
屏東縣東港鎮第4選舉區,蘇忠平,4
屏東縣東港鎮第4選舉區,蘇錦堯,5
屏東縣東港鎮第4選舉區,曾文傑,6
屏東縣恆春鎮第1選舉區,陳進忠,1
屏東縣恆春鎮第1選舉區,楊志偉,2
屏東縣恆春鎮第1選舉區,張齊嘉,3
屏東縣恆春鎮第2選舉區,傅宗傑,1
屏東縣恆春鎮第2選舉區,劉洋生,2
屏東縣恆春鎮第2選舉區,張家鋒,3
屏東縣恆春鎮第2選舉區,龔慶章,4
屏東縣恆春鎮第2選舉區,陳進興,5
屏東縣恆春鎮第2選舉區,張秀玉,6
屏東縣恆春鎮第2選舉區,詹秋月,7
屏東縣恆春鎮第3選舉區,方俊尉,1
屏東縣恆春鎮第3選舉區,陳厚仁,2
屏東縣恆春鎮第3選舉區,陳新賢,3
屏東縣恆春鎮第3選舉區,吳?春,4
屏東縣恆春鎮第3選舉區,柯政隆,5
屏東縣恆春鎮第4選舉區,趙記明,1
屏東縣恆春鎮第4選舉區,韓秀滿,2
屏東縣恆春鎮第4選舉區,盧榮生,3
屏東縣恆春鎮第4選舉區,林世茂,4
屏東縣恆春鎮第4選舉區,陳進義,5
屏東縣恆春鎮第4選舉區,李衍翰,6
屏東縣萬丹鄉第1選舉區,張美慧,1
屏東縣萬丹鄉第1選舉區,李奇萬,2
屏東縣萬丹鄉第1選舉區,陳居首,3
屏東縣萬丹鄉第2選舉區,李文富,1
屏東縣萬丹鄉第2選舉區,古欣巧,2
屏東縣萬丹鄉第2選舉區,黃美玲,3
屏東縣萬丹鄉第2選舉區,鄭又菖,4
屏東縣萬丹鄉第2選舉區,李武龍,5
屏東縣萬丹鄉第2選舉區,洪維呈,6
屏東縣萬丹鄉第2選舉區,蔡沄杉,7
屏東縣萬丹鄉第2選舉區,劉瑋壹,8
屏東縣萬丹鄉第3選舉區,陳萬能,1
屏東縣萬丹鄉第3選舉區,李天德,2
屏東縣萬丹鄉第4選舉區,徐銘言,1
屏東縣萬丹鄉第4選舉區,羅司倫,2
屏東縣萬丹鄉第4選舉區,毛民欽,3
屏東縣萬丹鄉第4選舉區,林仲勝,4
屏東縣長治鄉第1選舉區,邱威文,1
屏東縣長治鄉第1選舉區,鍾任政,2
屏東縣長治鄉第1選舉區,黃德嬌,3
屏東縣長治鄉第1選舉區,邱炬峰,4
屏東縣長治鄉第1選舉區,邱宇桐,5
屏東縣長治鄉第1選舉區,邱佳娟,6
屏東縣長治鄉第2選舉區,邱光榮,1
屏東縣長治鄉第2選舉區,黃正中,2
屏東縣長治鄉第2選舉區,廖德進,3
屏東縣長治鄉第2選舉區,林木生,4
屏東縣長治鄉第3選舉區,陳貴松,1
屏東縣長治鄉第3選舉區,張永彰,2
屏東縣長治鄉第3選舉區,蘇瑞?,3
屏東縣長治鄉第3選舉區,李清科,4
屏東縣麟洛鄉第1選舉區,盧重彰,1
屏東縣麟洛鄉第1選舉區,曾瑞香,2
屏東縣麟洛鄉第1選舉區,徐光明,3
屏東縣麟洛鄉第1選舉區,李運城,4
屏東縣麟洛鄉第2選舉區,謝禮治,1
屏東縣麟洛鄉第2選舉區,李增珍,2
屏東縣麟洛鄉第2選舉區,邱志聖,3
屏東縣麟洛鄉第2選舉區,廖龍依,4
屏東縣麟洛鄉第3選舉區,邱春櫻,1
屏東縣麟洛鄉第3選舉區,林信雄,2
屏東縣麟洛鄉第3選舉區,彭吉男,3
屏東縣麟洛鄉第3選舉區,徐淑亮,4
屏東縣麟洛鄉第4選舉區,陳勝隆,1
屏東縣麟洛鄉第4選舉區,劉志德,2
屏東縣麟洛鄉第4選舉區,馮和源,3
屏東縣麟洛鄉第4選舉區,楊永富,4
屏東縣麟洛鄉第4選舉區,劉文山,5
屏東縣九如鄉第1選舉區,周秀緞,1
屏東縣九如鄉第1選舉區,許美惠,2
屏東縣九如鄉第1選舉區,楊惠瑛,3
屏東縣九如鄉第1選舉區,陳高進,4
屏東縣九如鄉第1選舉區,陳坤旗,5
屏東縣九如鄉第2選舉區,吳中才,1
屏東縣九如鄉第2選舉區,黃顯樑,2
屏東縣九如鄉第2選舉區,余蟬娟,3
屏東縣九如鄉第2選舉區,劉永進,4
屏東縣九如鄉第3選舉區,陳清進,1
屏東縣九如鄉第3選舉區,邱文貴,2
屏東縣九如鄉第4選舉區,陳春茂,1
屏東縣九如鄉第4選舉區,陳啟亮,2
屏東縣九如鄉第4選舉區,吳坤益,3
屏東縣里港鄉第1選舉區,楊聰麟,1
屏東縣里港鄉第1選舉區,李志嘉,2
屏東縣里港鄉第1選舉區,陳來厚,3
屏東縣里港鄉第1選舉區,楊重鍾,4
屏東縣里港鄉第2選舉區,林雲益,1
屏東縣里港鄉第2選舉區,陳榮挺,2
屏東縣里港鄉第2選舉區,林綿顯,3
屏東縣里港鄉第2選舉區,林瑞慶,4
屏東縣里港鄉第2選舉區,林政論,5
屏東縣里港鄉第3選舉區,洪博誼,1
屏東縣里港鄉第3選舉區,陳永松,2
屏東縣里港鄉第3選舉區,陳榮隆,3
屏東縣里港鄉第3選舉區,鄒天財,4
屏東縣里港鄉第4選舉區,曾天明,1
屏東縣里港鄉第4選舉區,吳清麗,2
屏東縣里港鄉第4選舉區,曾聰諭,3
屏東縣里港鄉第4選舉區,謝見興,4
屏東縣里港鄉第4選舉區,張振源,5
屏東縣鹽埔鄉第1選舉區,郭添登,1
屏東縣鹽埔鄉第1選舉區,陳美如,2
屏東縣鹽埔鄉第1選舉區,黃榆婷,3
屏東縣鹽埔鄉第1選舉區,呂昭東,4
屏東縣鹽埔鄉第1選舉區,王國和,5
屏東縣鹽埔鄉第1選舉區,王郭銀粉,6
屏東縣鹽埔鄉第1選舉區,林慶豐,7
屏東縣鹽埔鄉第2選舉區,葉明寬,1
屏東縣鹽埔鄉第2選舉區,陳建州,2
屏東縣鹽埔鄉第3選舉區,鄭仁德,1
屏東縣鹽埔鄉第3選舉區,葉文欽,2
屏東縣鹽埔鄉第3選舉區,郭榮俊,3
屏東縣鹽埔鄉第3選舉區,吳勝雄,4
屏東縣鹽埔鄉第3選舉區,陳國基,5
屏東縣鹽埔鄉第4選舉區,李錫忠,1
屏東縣鹽埔鄉第4選舉區,陳冬桂,2
屏東縣鹽埔鄉第4選舉區,潘慶記,3
屏東縣鹽埔鄉第4選舉區,曾順龍,4
屏東縣鹽埔鄉第4選舉區,陳俊宏,5
屏東縣高樹鄉第1選舉區,陳純勇,1
屏東縣高樹鄉第1選舉區,陳進榮,2
屏東縣高樹鄉第1選舉區,楊平庄,3
屏東縣高樹鄉第1選舉區,朱耀文,4
屏東縣高樹鄉第1選舉區,林子菱,5
屏東縣高樹鄉第1選舉區,陳美棉,6
屏東縣高樹鄉第2選舉區,羅慶煥,1
屏東縣高樹鄉第2選舉區,陳恭茂,2
屏東縣高樹鄉第2選舉區,伍俊賢,3
屏東縣高樹鄉第3選舉區,江明宗,1
屏東縣高樹鄉第3選舉區,劉維祥,2
屏東縣高樹鄉第3選舉區,曾德榮,3
屏東縣高樹鄉第3選舉區,鄭善文,4
屏東縣高樹鄉第4選舉區,許鄭舜遊,1
屏東縣高樹鄉第4選舉區,曾家鼎,2
屏東縣高樹鄉第4選舉區,柯文吉,3
屏東縣高樹鄉第4選舉區,汪璟翔,4
屏東縣萬巒鄉第1選舉區,林成宏,1
屏東縣萬巒鄉第1選舉區,鍾秀美,2
屏東縣萬巒鄉第1選舉區,林達文,3
屏東縣萬巒鄉第1選舉區,曾淼祥,4
屏東縣萬巒鄉第1選舉區,曾彥屏,5
屏東縣萬巒鄉第1選舉區,蕭麗珠,6
屏東縣萬巒鄉第2選舉區,林桓文,1
屏東縣萬巒鄉第2選舉區,林榮耀,2
屏東縣萬巒鄉第2選舉區,劉裕福,3
屏東縣萬巒鄉第2選舉區,劉正雄,4
屏東縣萬巒鄉第3選舉區,潘美燕,1
屏東縣萬巒鄉第3選舉區,潘進丁,2
屏東縣萬巒鄉第4選舉區,郭雲文,1
屏東縣萬巒鄉第4選舉區,陳明標,2
屏東縣萬巒鄉第4選舉區,謝春香,3
屏東縣萬巒鄉第4選舉區,沈淑玲,4
屏東縣萬巒鄉第4選舉區,陳平貴,5
屏東縣內埔鄉第1選舉區,李裕忠,1
屏東縣內埔鄉第1選舉區,李佩芳,2
屏東縣內埔鄉第1選舉區,鍾育杰,3
屏東縣內埔鄉第1選舉區,廖秀琴,4
屏東縣內埔鄉第1選舉區,林勤童,5
屏東縣內埔鄉第1選舉區,張筱薇,6
屏東縣內埔鄉第2選舉區,鄧鏡斌,1
屏東縣內埔鄉第2選舉區,黃維郎,2
屏東縣內埔鄉第2選舉區,曾光榮,3
屏東縣內埔鄉第2選舉區,黃文霖,4
屏東縣內埔鄉第2選舉區,謝紫縈,5
屏東縣內埔鄉第3選舉區,鍾國雄,1
屏東縣內埔鄉第3選舉區,鍾卓宏,2
屏東縣內埔鄉第4選舉區,黃子?,1
屏東縣內埔鄉第4選舉區,潘家莉,2
屏東縣內埔鄉第4選舉區,郭麗珍,3
屏東縣內埔鄉第4選舉區,張金土,4
屏東縣內埔鄉第4選舉區,陳俊凱,5
屏東縣內埔鄉第4選舉區,李進賢,6
屏東縣內埔鄉第4選舉區,王修元,7
屏東縣竹田鄉第1選舉區,謝錦菊,1
屏東縣竹田鄉第1選舉區,陳玉章,2
屏東縣竹田鄉第1選舉區,馮卉蘭,3
屏東縣竹田鄉第1選舉區,李佳?,4
屏東縣竹田鄉第1選舉區,陳永光,5
屏東縣竹田鄉第1選舉區,邱偉容,6
屏東縣竹田鄉第1選舉區,李慶和,7
屏東縣竹田鄉第1選舉區,鄒盛昌,8
屏東縣竹田鄉第2選舉區,陳懋進,1
屏東縣竹田鄉第2選舉區,謝安香,2
屏東縣竹田鄉第2選舉區,陳芝傑,3
屏東縣竹田鄉第2選舉區,鄒懋明,4
屏東縣竹田鄉第2選舉區,曾維雄,5
屏東縣竹田鄉第3選舉區,陳延瑜,1
屏東縣竹田鄉第3選舉區,陳宏志,2
屏東縣竹田鄉第3選舉區,施長川,3
屏東縣竹田鄉第3選舉區,張美純,4
屏東縣新埤鄉第1選舉區,蘇德旺,1
屏東縣新埤鄉第1選舉區,林維洋,2
屏東縣新埤鄉第1選舉區,劉秀專,3
屏東縣新埤鄉第1選舉區,邱景耀,4
屏東縣新埤鄉第1選舉區,張時田,5
屏東縣新埤鄉第1選舉區,葉家宏,6
屏東縣新埤鄉第1選舉區,曾明輝,7
屏東縣新埤鄉第1選舉區,李良田,8
屏東縣新埤鄉第1選舉區,賴榆蓁,9
屏東縣新埤鄉第1選舉區,蔡秀杏,10
屏東縣新埤鄉第1選舉區,鍾展雄,11
屏東縣新埤鄉第1選舉區,曾旗光,12
屏東縣新埤鄉第2選舉區,吳進德,1
屏東縣新埤鄉第2選舉區,潘日新,2
屏東縣新埤鄉第2選舉區,潘政宏,3
屏東縣新埤鄉第2選舉區,潘中崑,4
屏東縣新埤鄉第2選舉區,王財吉,5
屏東縣新埤鄉第2選舉區,賴俊憲,6
屏東縣新埤鄉第2選舉區,黃玉敏,7
屏東縣新埤鄉第2選舉區,潘美足,8
屏東縣新埤鄉第2選舉區,黃石柱,9
屏東縣枋寮鄉第1選舉區,張仁吉,1
屏東縣枋寮鄉第1選舉區,陳清祥,2
屏東縣枋寮鄉第1選舉區,黃信憲,3
屏東縣枋寮鄉第1選舉區,張哲瑋,4
屏東縣枋寮鄉第1選舉區,盧銘榮,5
屏東縣枋寮鄉第1選舉區,劉佳坤,6
屏東縣枋寮鄉第1選舉區,沈清水,7
屏東縣枋寮鄉第1選舉區,陳俊宏,8
屏東縣枋寮鄉第1選舉區,陳富隆,9
屏東縣枋寮鄉第1選舉區,王清芬,10
屏東縣枋寮鄉第1選舉區,蔡宛靜,11
屏東縣枋寮鄉第2選舉區,陳燕萩,1
屏東縣枋寮鄉第2選舉區,劉榮謄,2
屏東縣枋寮鄉第2選舉區,王麗絨,3
屏東縣枋寮鄉第2選舉區,潘秀地,4
屏東縣枋寮鄉第3選舉區,林輝星,1
屏東縣枋寮鄉第3選舉區,林鳳春,2
屏東縣枋寮鄉第3選舉區,蕭海彬,3
屏東縣新園鄉第1選舉區,宋尚恩,1
屏東縣新園鄉第1選舉區,林太平,2
屏東縣新園鄉第1選舉區,黃金樹,3
屏東縣新園鄉第1選舉區,張瑞達,4
屏東縣新園鄉第1選舉區,鄭明純,5
屏東縣新園鄉第2選舉區,許金,1
屏東縣新園鄉第2選舉區,楊榮屏,2
屏東縣新園鄉第2選舉區,盧政宏,3
屏東縣新園鄉第2選舉區,方西進,4
屏東縣新園鄉第2選舉區,陳春日,5
屏東縣新園鄉第3選舉區,黃瀛仕,1
屏東縣新園鄉第3選舉區,林順煌,2
屏東縣新園鄉第3選舉區,王泗男,3
屏東縣新園鄉第3選舉區,郭再春,4
屏東縣新園鄉第3選舉區,張肆一,5
屏東縣新園鄉第4選舉區,宋燕秋,1
屏東縣新園鄉第4選舉區,陳明山,2
屏東縣新園鄉第4選舉區,陳莉蓁,3
屏東縣新園鄉第4選舉區,朱美璉,4
屏東縣新園鄉第4選舉區,林慧如,5
屏東縣崁頂鄉第1選舉區,劉惠美,1
屏東縣崁頂鄉第1選舉區,王國鑑,2
屏東縣崁頂鄉第1選舉區,蔡宛儒,3
屏東縣崁頂鄉第1選舉區,陳麗凰,4
屏東縣崁頂鄉第1選舉區,蔡梅玉,5
屏東縣崁頂鄉第1選舉區,莊宗文,6
屏東縣崁頂鄉第2選舉區,陳毅志,1
屏東縣崁頂鄉第2選舉區,林漢昌,2
屏東縣崁頂鄉第2選舉區,鄭秀填,3
屏東縣崁頂鄉第3選舉區,蔡嘉榮,1
屏東縣崁頂鄉第3選舉區,鍾妙汝,2
屏東縣崁頂鄉第3選舉區,楊萬福,3
屏東縣崁頂鄉第3選舉區,郭見東,4
屏東縣崁頂鄉第3選舉區,黃順發,5
屏東縣崁頂鄉第3選舉區,翁??,6
屏東縣崁頂鄉第4選舉區,羅崑龍,1
屏東縣崁頂鄉第4選舉區,羅金木,2
屏東縣崁頂鄉第4選舉區,紀東得,3
屏東縣崁頂鄉第4選舉區,洪明山,4
屏東縣崁頂鄉第4選舉區,楊芷瑜,5
屏東縣崁頂鄉第4選舉區,羅雄裕,6
屏東縣林邊鄉第1選舉區,陳俊吉,1
屏東縣林邊鄉第1選舉區,張晉豪,2
屏東縣林邊鄉第1選舉區,郭美妏,3
屏東縣林邊鄉第1選舉區,翁玉芳,4
屏東縣林邊鄉第1選舉區,陳文鍵,5
屏東縣林邊鄉第1選舉區,邵鳳珠,6
屏東縣林邊鄉第1選舉區,黃李娘,7
屏東縣林邊鄉第1選舉區,陳登泰,8
屏東縣林邊鄉第1選舉區,謝明鐘,9
屏東縣林邊鄉第1選舉區,陳春貴,10
屏東縣林邊鄉第2選舉區,龔登山,1
屏東縣林邊鄉第2選舉區,鄭瑞華,2
屏東縣林邊鄉第2選舉區,蘇一雄,3
屏東縣林邊鄉第2選舉區,陳順豐,4
屏東縣林邊鄉第2選舉區,鍾慎,5
屏東縣林邊鄉第3選舉區,阮茂益,1
屏東縣林邊鄉第3選舉區,鄭信政,2
屏東縣林邊鄉第3選舉區,鄭文彬,3
屏東縣南州鄉第1選舉區,戴曉萍,1
屏東縣南州鄉第1選舉區,馬麗翎,2
屏東縣南州鄉第1選舉區,葉俊緯,3
屏東縣南州鄉第1選舉區,林水得,4
屏東縣南州鄉第1選舉區,周劉寶貴,5
屏東縣南州鄉第1選舉區,連梅玲,6
屏東縣南州鄉第1選舉區,胡月娥,7
屏東縣南州鄉第1選舉區,傅永尚,8
屏東縣南州鄉第1選舉區,羅智佳,9
屏東縣南州鄉第1選舉區,張家晉,10
屏東縣南州鄉第1選舉區,湯智雄,11
屏東縣南州鄉第1選舉區,林瑞隆,12
屏東縣南州鄉第1選舉區,許王婦櫻,13
屏東縣南州鄉第2選舉區,張江豪,1
屏東縣南州鄉第2選舉區,邱敏慧,2
屏東縣南州鄉第3選舉區,王子明,1
屏東縣南州鄉第3選舉區,潘林素月,2
屏東縣南州鄉第3選舉區,鄧朝林,3
屏東縣南州鄉第3選舉區,林逢宜,4
屏東縣南州鄉第3選舉區,潘世忠,5
屏東縣南州鄉第3選舉區,陳茂民,6
屏東縣南州鄉第4選舉區,黃登凱,1
屏東縣南州鄉第4選舉區,林德恩,2
屏東縣南州鄉第4選舉區,林立,3
屏東縣佳冬鄉第1選舉區,張菊蓮,1
屏東縣佳冬鄉第1選舉區,賴金昇,2
屏東縣佳冬鄉第1選舉區,賴仲達,3
屏東縣佳冬鄉第1選舉區,陳佳琦,4
屏東縣佳冬鄉第1選舉區,陳勝居,5
屏東縣佳冬鄉第1選舉區,陳桂美,6
屏東縣佳冬鄉第2選舉區,董金廷,1
屏東縣佳冬鄉第2選舉區,陳谷智,2
屏東縣佳冬鄉第2選舉區,周春典,3
屏東縣佳冬鄉第2選舉區,王家正,4
屏東縣佳冬鄉第2選舉區,胡平讚,5
屏東縣佳冬鄉第3選舉區,張玉臨,1
屏東縣佳冬鄉第3選舉區,葉寬銘,2
屏東縣佳冬鄉第3選舉區,陳雅昆,3
屏東縣佳冬鄉第3選舉區,陳桂香,4
屏東縣佳冬鄉第4選舉區,黃再團,1
屏東縣佳冬鄉第4選舉區,王為騰,2
屏東縣佳冬鄉第4選舉區,陳進成,3
屏東縣琉球鄉第1選舉區,蘇富成,1
屏東縣琉球鄉第1選舉區,林榮家,2
屏東縣琉球鄉第1選舉區,王宏虔,3
屏東縣琉球鄉第1選舉區,蔡家印,4
屏東縣琉球鄉第1選舉區,李慶裕,5
屏東縣琉球鄉第2選舉區,陳癸宏,1
屏東縣琉球鄉第2選舉區,洪良輝,2
屏東縣琉球鄉第2選舉區,陳坤憲,3
屏東縣琉球鄉第2選舉區,陳慶豐,4
屏東縣琉球鄉第3選舉區,陳智雄,1
屏東縣琉球鄉第3選舉區,陳國興,2
屏東縣琉球鄉第4選舉區,許金國,1
屏東縣琉球鄉第4選舉區,洪文良,2
屏東縣琉球鄉第4選舉區,洪美月,3
屏東縣琉球鄉第4選舉區,蔡怡芳,4
屏東縣琉球鄉第4選舉區,陳雅頌,5
屏東縣琉球鄉第4選舉區,陳宏成,6
屏東縣車城鄉第1選舉區,白登科,1
屏東縣車城鄉第2選舉區,徐志偉,1
屏東縣車城鄉第2選舉區,林勝揚,2
屏東縣車城鄉第2選舉區,潘貴武,3
屏東縣車城鄉第2選舉區,董松山,4
屏東縣車城鄉第2選舉區,林煌誠,5
屏東縣車城鄉第2選舉區,龔寶色,6
屏東縣車城鄉第3選舉區,張吉雄,1
屏東縣車城鄉第3選舉區,張世昌,2
屏東縣車城鄉第4選舉區,白文宏,1
屏東縣車城鄉第4選舉區,張水潮,2
屏東縣車城鄉第4選舉區,林文士,3
屏東縣滿州鄉第1選舉區,陳榮茂,1
屏東縣滿州鄉第1選舉區,王于辰,2
屏東縣滿州鄉第1選舉區,熊志謀,3
屏東縣滿州鄉第1選舉區,陳榮華,4
屏東縣滿州鄉第2選舉區,葉文華,1
屏東縣滿州鄉第2選舉區,潘鳳滿,2
屏東縣滿州鄉第2選舉區,古宗勳,3
屏東縣滿州鄉第3選舉區,王彩華,1
屏東縣滿州鄉第3選舉區,陳金塗,2
屏東縣滿州鄉第3選舉區,李亞倫,3
屏東縣滿州鄉第3選舉區,黎竹紅,4
屏東縣滿州鄉第4選舉區,潘義輝,1
屏東縣滿州鄉第4選舉區,潘啟元,2
屏東縣枋山鄉第1選舉區,林昌明,1
屏東縣枋山鄉第1選舉區,陳美和,2
屏東縣枋山鄉第2選舉區,周植龍,1
屏東縣枋山鄉第2選舉區,陳德昌,2
屏東縣枋山鄉第2選舉區,李惠紅,3
屏東縣枋山鄉第2選舉區,陳宏偉,4
屏東縣枋山鄉第3選舉區,洪?能,1
屏東縣枋山鄉第3選舉區,陳睍,2
屏東縣枋山鄉第3選舉區,王光盛,3
屏東縣枋山鄉第3選舉區,許典洲,4
屏東縣三地門鄉第1選舉區,林德如,1
屏東縣三地門鄉第1選舉區,羅家堯,2
屏東縣三地門鄉第1選舉區,江振梅,3
屏東縣三地門鄉第1選舉區,許瑞珠,4
屏東縣三地門鄉第1選舉區,陳忠雄,5
屏東縣三地門鄉第1選舉區,林培仁,6
屏東縣三地門鄉第1選舉區,林淑英,7
屏東縣三地門鄉第2選舉區,李新光,1
屏東縣三地門鄉第2選舉區,利文良,2
屏東縣三地門鄉第2選舉區,潘元明,3
屏東縣三地門鄉第2選舉區,田清源,4
屏東縣三地門鄉第2選舉區,阿茹娃伊．盧拉嘎旦呢Aruwayi．Lulagadanne,5
屏東縣三地門鄉第2選舉區,曾智雄,6
屏東縣三地門鄉第2選舉區,陳鋒峰,7
屏東縣三地門鄉第2選舉區,王榮儀,8
屏東縣三地門鄉第2選舉區,婀冷．里哇嗚林Eleng．Livauljin,9
屏東縣霧臺鄉第1選舉區,柯淑華,1
屏東縣霧臺鄉第1選舉區,顏進茂,2
屏東縣霧臺鄉第1選舉區,宋克強,3
屏東縣霧臺鄉第1選舉區,杜仁生 Taugathu．ka．Tamautun,4
屏東縣霧臺鄉第1選舉區,包仙妹,5
屏東縣霧臺鄉第2選舉區,李金龍 Ngedrelre•Druluan,1
屏東縣霧臺鄉第2選舉區,柯永吉,2
屏東縣霧臺鄉第2選舉區,?朝昇,3
屏東縣霧臺鄉第2選舉區,柯信雄,4
屏東縣霧臺鄉第2選舉區,柯正光,5
屏東縣瑪家鄉第1選舉區,達給法利德．樂勒蔓 Takivalit．Leleman,1
屏東縣瑪家鄉第1選舉區,彭玉珍,2
屏東縣瑪家鄉第1選舉區,柳明光,3
屏東縣瑪家鄉第1選舉區,卓利昌,4
屏東縣瑪家鄉第1選舉區,林永彬,5
屏東縣瑪家鄉第1選舉區,高志偉,6
屏東縣瑪家鄉第1選舉區,金太平,7
屏東縣瑪家鄉第1選舉區,柯俊傑 Sasuzu．Mabalriw,8
屏東縣瑪家鄉第1選舉區,鄔淑華,9
屏東縣瑪家鄉第1選舉區,陳揚,10
屏東縣瑪家鄉第2選舉區,葉明仁,1
屏東縣瑪家鄉第2選舉區,柯進國 Davurs．Vaviungan,2
屏東縣瑪家鄉第2選舉區,林明河,3
屏東縣瑪家鄉第2選舉區,簡孝忠 Malacemac．K．Tapurakac,4
屏東縣瑪家鄉第2選舉區,林秀吉,5
屏東縣瑪家鄉第2選舉區,杜育芬,6
屏東縣泰武鄉第1選舉區,鄞武英俊,1
屏東縣泰武鄉第1選舉區,丁克強,2
屏東縣泰武鄉第1選舉區,邱登星Adrucangalj．Drusaljiyan,3
屏東縣泰武鄉第1選舉區,曾進仁Arucangaij．Taratiki,4
屏東縣泰武鄉第1選舉區,許燕虹,5
屏東縣泰武鄉第1選舉區,孫光照,6
屏東縣泰武鄉第1選舉區,何梅君Zepulj．Kadrangiyan,7
屏東縣泰武鄉第1選舉區,劉金山,8
屏東縣泰武鄉第2選舉區,呂美英,1
屏東縣泰武鄉第2選舉區,沈安日,2
屏東縣泰武鄉第2選舉區,曾大衛,3
屏東縣來義鄉第1選舉區,石天月,1
屏東縣來義鄉第1選舉區,李宜潔 Djupelang•Aulivan,2
屏東縣來義鄉第1選舉區,許齡心 Tjuku Tjagaran,3
屏東縣來義鄉第1選舉區,高國光,4
屏東縣來義鄉第1選舉區,顏盧慶勇,5
屏東縣來義鄉第1選舉區,陳金賢,6
屏東縣來義鄉第1選舉區,張達敏,7
屏東縣來義鄉第1選舉區,李文華,8
屏東縣來義鄉第2選舉區,廖志強,1
屏東縣來義鄉第2選舉區,羅俊宏,2
屏東縣來義鄉第2選舉區,鍾必顯,3
屏東縣來義鄉第2選舉區,詹勇仁,4
屏東縣來義鄉第2選舉區,陳文山,5
屏東縣春日鄉第1選舉區,邱國諺,1
屏東縣春日鄉第1選舉區,尤何秀珠,2
屏東縣春日鄉第1選舉區,張文德,3
屏東縣春日鄉第1選舉區,張志偉,4
屏東縣春日鄉第2選舉區,黃連 Sauniyaw.Ruveljeng,1
屏東縣春日鄉第2選舉區,高王添福,2
屏東縣春日鄉第2選舉區,洪得新 giljaw quili,3
屏東縣春日鄉第2選舉區,宋文聖,4
屏東縣獅子鄉第1選舉區,何素娟,1
屏東縣獅子鄉第1選舉區,柳宏忠,2
屏東縣獅子鄉第1選舉區,韋忠貞,3
屏東縣獅子鄉第1選舉區,簡新茂Kadrang．Qaljapaya,4
屏東縣獅子鄉第1選舉區,侯廉聰,5
屏東縣獅子鄉第1選舉區,阮嬪Vais．Alauz,6
屏東縣獅子鄉第2選舉區,蔡特文,1
屏東縣獅子鄉第2選舉區,張順和Udjui Ljavur,2
屏東縣獅子鄉第2選舉區,朱彥政,3
屏東縣獅子鄉第2選舉區,謝志強,4
屏東縣獅子鄉第2選舉區,楊緯震,5
屏東縣獅子鄉第2選舉區,方秀美,6
屏東縣牡丹鄉第1選舉區,葉德生,1
屏東縣牡丹鄉第1選舉區,洪亞男,2
屏東縣牡丹鄉第1選舉區,高嘉香,3
屏東縣牡丹鄉第1選舉區,許瑪莉,4
屏東縣牡丹鄉第1選舉區,劉忠義,5
屏東縣牡丹鄉第1選舉區,余天文,6
屏東縣牡丹鄉第1選舉區,林秋珍,7
屏東縣牡丹鄉第1選舉區,潘呈清,8
屏東縣牡丹鄉第2選舉區,李德福,1
屏東縣牡丹鄉第2選舉區,許金吉,2
屏東縣牡丹鄉第2選舉區,曾明珠,3
屏東縣牡丹鄉第2選舉區,蔡天成,4
宜蘭縣宜蘭市第1選舉區,陳姿吟,1
宜蘭縣宜蘭市第1選舉區,羅漢民,2
宜蘭縣宜蘭市第1選舉區,林承蔡,3
宜蘭縣宜蘭市第1選舉區,黃靖婷,4
宜蘭縣宜蘭市第1選舉區,吳則成,5
宜蘭縣宜蘭市第1選舉區,陳志鴻,6
宜蘭縣宜蘭市第1選舉區,郭燈和,7
宜蘭縣宜蘭市第1選舉區,游國良,8
宜蘭縣宜蘭市第1選舉區,陳雅婷,9
宜蘭縣宜蘭市第2選舉區,余雨昇,1
宜蘭縣宜蘭市第2選舉區,林雨蒼,2
宜蘭縣宜蘭市第2選舉區,吳建基,3
宜蘭縣宜蘭市第2選舉區,林育森,4
宜蘭縣宜蘭市第2選舉區,林飛身,5
宜蘭縣宜蘭市第3選舉區,李孟潔,1
宜蘭縣宜蘭市第3選舉區,唐正忠,2
宜蘭縣宜蘭市第3選舉區,連聖懷,3
宜蘭縣宜蘭市第3選舉區,王阿水,4
宜蘭縣宜蘭市第3選舉區,李惠玲,5
宜蘭縣宜蘭市第3選舉區,官芙爭,6
宜蘭縣宜蘭市第3選舉區,林柏男,7
宜蘭縣宜蘭市第3選舉區,鄭吳阿霞,8
宜蘭縣宜蘭市第4選舉區,林智勇,1
宜蘭縣宜蘭市第4選舉區,李嘉軒,2
宜蘭縣宜蘭市第4選舉區,林泳和,3
宜蘭縣宜蘭市第4選舉區,黃議賢,4
宜蘭縣宜蘭市第4選舉區,呂柏凱,5
宜蘭縣宜蘭市第4選舉區,康思源,6
宜蘭縣羅東鎮第1選舉區,黃泰坤,1
宜蘭縣羅東鎮第1選舉區,廖惠麗,2
宜蘭縣羅東鎮第1選舉區,李錫欽,3
宜蘭縣羅東鎮第2選舉區,何建東,1
宜蘭縣羅東鎮第2選舉區,林碧霞,2
宜蘭縣羅東鎮第2選舉區,林聰文,3
宜蘭縣羅東鎮第3選舉區,劉世鵬,1
宜蘭縣羅東鎮第3選舉區,張蕙蘭,2
宜蘭縣羅東鎮第3選舉區,曹喜斌,3
宜蘭縣羅東鎮第3選舉區,莊漢源,4
宜蘭縣羅東鎮第3選舉區,陳定霖,5
宜蘭縣羅東鎮第3選舉區,黃偉,6
宜蘭縣羅東鎮第3選舉區,陳章琳,7
宜蘭縣羅東鎮第3選舉區,許馨尹,8
宜蘭縣羅東鎮第3選舉區,張榮華,9
宜蘭縣羅東鎮第4選舉區,林美滿,1
宜蘭縣羅東鎮第4選舉區,簡鳴佐,2
宜蘭縣羅東鎮第4選舉區,許弘興,3
宜蘭縣羅東鎮第4選舉區,曾威澤,4
宜蘭縣羅東鎮第4選舉區,劉承賓,5
宜蘭縣羅東鎮第4選舉區,游本全,6
宜蘭縣羅東鎮第4選舉區,邱文生,7
宜蘭縣羅東鎮第4選舉區,陳震宇,8
宜蘭縣蘇澳鎮第1選舉區,吳玉龍,1
宜蘭縣蘇澳鎮第1選舉區,林永寶,2
宜蘭縣蘇澳鎮第2選舉區,曾太山,1
宜蘭縣蘇澳鎮第2選舉區,方智彥,2
宜蘭縣蘇澳鎮第2選舉區,胡建中,3
宜蘭縣蘇澳鎮第2選舉區,趙育璿,4
宜蘭縣蘇澳鎮第3選舉區,張美皇,1
宜蘭縣蘇澳鎮第3選舉區,陳俊良,2
宜蘭縣蘇澳鎮第3選舉區,黃士駿,3
宜蘭縣蘇澳鎮第3選舉區,歐進義,4
宜蘭縣蘇澳鎮第3選舉區,曾壹靖,5
宜蘭縣蘇澳鎮第3選舉區,賴金河,6
宜蘭縣蘇澳鎮第4選舉區,王明輝,1
宜蘭縣蘇澳鎮第4選舉區,陳映蓉,2
宜蘭縣蘇澳鎮第4選舉區,李婉萍,3
宜蘭縣蘇澳鎮第4選舉區,林森豪,4
宜蘭縣蘇澳鎮第4選舉區,陳志明,5
宜蘭縣蘇澳鎮第4選舉區,吳淑貞,6
宜蘭縣蘇澳鎮第4選舉區,王明義,7
宜蘭縣頭城鎮第1選舉區,洪穆賢,1
宜蘭縣頭城鎮第1選舉區,林端,2
宜蘭縣頭城鎮第1選舉區,姜佩伶,3
宜蘭縣頭城鎮第1選舉區,余婉樺,4
宜蘭縣頭城鎮第1選舉區,林筱菁,5
宜蘭縣頭城鎮第1選舉區,楊碧村,6
宜蘭縣頭城鎮第1選舉區,林張秀娥,7
宜蘭縣頭城鎮第1選舉區,林錦梅,8
宜蘭縣頭城鎮第2選舉區,蔡財丁,1
宜蘭縣頭城鎮第2選舉區,王凱霖,2
宜蘭縣頭城鎮第2選舉區,甘錫賢,3
宜蘭縣頭城鎮第2選舉區,吳淑貞,4
宜蘭縣頭城鎮第3選舉區,劉奕甫,1
宜蘭縣頭城鎮第3選舉區,游錫財,2
宜蘭縣頭城鎮第3選舉區,林連生,3
宜蘭縣頭城鎮第3選舉區,紀蒼華,4
宜蘭縣頭城鎮第4選舉區,尤瑞傑,1
宜蘭縣頭城鎮第4選舉區,王欣雅,2
宜蘭縣頭城鎮第4選舉區,薛柏平,3
宜蘭縣頭城鎮第4選舉區,薛柏新,4
宜蘭縣頭城鎮第4選舉區,潘家萬,5
宜蘭縣礁溪鄉第1選舉區,周讚斌,1
宜蘭縣礁溪鄉第1選舉區,黃奎翰,2
宜蘭縣礁溪鄉第1選舉區,藍信惠,3
宜蘭縣礁溪鄉第1選舉區,林福山,4
宜蘭縣礁溪鄉第1選舉區,游見璋,5
宜蘭縣礁溪鄉第1選舉區,張素雲,6
宜蘭縣礁溪鄉第2選舉區,林森枝,1
宜蘭縣礁溪鄉第2選舉區,林志成,2
宜蘭縣礁溪鄉第2選舉區,林漢民,3
宜蘭縣礁溪鄉第3選舉區,游旻峰,1
宜蘭縣礁溪鄉第3選舉區,吳政展,2
宜蘭縣礁溪鄉第3選舉區,吳錫祺,3
宜蘭縣礁溪鄉第4選舉區,張景程,1
宜蘭縣礁溪鄉第4選舉區,莊漢銘,2
宜蘭縣礁溪鄉第4選舉區,黃曜維,3
宜蘭縣礁溪鄉第4選舉區,李竹村,4
宜蘭縣壯圍鄉第1選舉區,楊宜樺,1
宜蘭縣壯圍鄉第1選舉區,潘文益,2
宜蘭縣壯圍鄉第1選舉區,林淑蓉,3
宜蘭縣壯圍鄉第1選舉區,劉寶貴,4
宜蘭縣壯圍鄉第1選舉區,陳木坤,5
宜蘭縣壯圍鄉第1選舉區,吳麗霞,6
宜蘭縣壯圍鄉第2選舉區,張賜雄,1
宜蘭縣壯圍鄉第2選舉區,林榮華,2
宜蘭縣壯圍鄉第2選舉區,林萬固,3
宜蘭縣壯圍鄉第2選舉區,周永和,4
宜蘭縣壯圍鄉第3選舉區,林進凱,1
宜蘭縣壯圍鄉第3選舉區,詹旺彬,2
宜蘭縣壯圍鄉第4選舉區,吳旺水,1
宜蘭縣壯圍鄉第4選舉區,林國棟,2
宜蘭縣壯圍鄉第4選舉區,林听洲,3
宜蘭縣壯圍鄉第4選舉區,林文達,4
宜蘭縣員山鄉第1選舉區,楊金旺,1
宜蘭縣員山鄉第1選舉區,李光平,2
宜蘭縣員山鄉第1選舉區,陳俊,3
宜蘭縣員山鄉第1選舉區,游森凱,4
宜蘭縣員山鄉第1選舉區,宋弘彬,5
宜蘭縣員山鄉第1選舉區,游寶玉,6
宜蘭縣員山鄉第1選舉區,鄭春美,7
宜蘭縣員山鄉第2選舉區,張基煌,1
宜蘭縣員山鄉第2選舉區,高明芳,2
宜蘭縣員山鄉第2選舉區,謝萬得,3
宜蘭縣員山鄉第2選舉區,曾繁文,4
宜蘭縣員山鄉第3選舉區,許芳明,1
宜蘭縣員山鄉第3選舉區,林子凱,2
宜蘭縣員山鄉第3選舉區,李文熙,3
宜蘭縣員山鄉第4選舉區,李筱婷,1
宜蘭縣員山鄉第4選舉區,江益杉,2
宜蘭縣冬山鄉第1選舉區,黃萬金,1
宜蘭縣冬山鄉第1選舉區,陳明煌,2
宜蘭縣冬山鄉第1選舉區,游閔吉,3
宜蘭縣冬山鄉第1選舉區,黃強呈,4
宜蘭縣冬山鄉第1選舉區,李蕣利,5
宜蘭縣冬山鄉第2選舉區,李正煌,1
宜蘭縣冬山鄉第2選舉區,林清德,2
宜蘭縣冬山鄉第2選舉區,江益源,3
宜蘭縣冬山鄉第2選舉區,楊弘委,4
宜蘭縣冬山鄉第2選舉區,張國偉,5
宜蘭縣冬山鄉第3選舉區,李木田,1
宜蘭縣冬山鄉第3選舉區,吳建文,2
宜蘭縣冬山鄉第3選舉區,林松根,3
宜蘭縣冬山鄉第4選舉區,陳鏗芳,1
宜蘭縣冬山鄉第4選舉區,陳慧珠,2
宜蘭縣冬山鄉第4選舉區,蔡東海,3
宜蘭縣冬山鄉第4選舉區,游浩詮,4
宜蘭縣冬山鄉第4選舉區,江松茂,5
宜蘭縣冬山鄉第4選舉區,游宜恆,6
宜蘭縣冬山鄉第4選舉區,陳麗娟,7
宜蘭縣五結鄉第1選舉區,林文彬,1
宜蘭縣五結鄉第1選舉區,鄒春龍,2
宜蘭縣五結鄉第1選舉區,陳長義,3
宜蘭縣五結鄉第1選舉區,羅淑惠,4
宜蘭縣五結鄉第2選舉區,簡宏奇,1
宜蘭縣五結鄉第2選舉區,林證梧,2
宜蘭縣五結鄉第2選舉區,陳松煜,3
宜蘭縣五結鄉第2選舉區,張馥蘭,4
宜蘭縣五結鄉第2選舉區,簡石木,5
宜蘭縣五結鄉第2選舉區,廖啟賢,6
宜蘭縣五結鄉第2選舉區,吳武洲,7
宜蘭縣五結鄉第3選舉區,陳啟生,1
宜蘭縣五結鄉第3選舉區,陳林煌,2
宜蘭縣五結鄉第3選舉區,林益風,3
宜蘭縣五結鄉第3選舉區,陳錦池,4
宜蘭縣五結鄉第4選舉區,吳明吉,1
宜蘭縣五結鄉第4選舉區,黃子堯,2
宜蘭縣五結鄉第4選舉區,楊正彬,3
宜蘭縣五結鄉第5選舉區,陳美華,1
宜蘭縣五結鄉第5選舉區,賴振益,2
宜蘭縣五結鄉第5選舉區,何春金,3
宜蘭縣五結鄉第5選舉區,林俊豪,4
宜蘭縣五結鄉第5選舉區,張亮軒,5
宜蘭縣三星鄉第1選舉區,吳真道,1
宜蘭縣三星鄉第1選舉區,?慶華,2
宜蘭縣三星鄉第1選舉區,劉明全,3
宜蘭縣三星鄉第1選舉區,謝正統,4
宜蘭縣三星鄉第1選舉區,宋毅祥,5
宜蘭縣三星鄉第2選舉區,張榮華,1
宜蘭縣三星鄉第2選舉區,陳文發,2
宜蘭縣三星鄉第2選舉區,吳承修,3
宜蘭縣三星鄉第2選舉區,宋狄澔,4
宜蘭縣三星鄉第3選舉區,蘇東?,1
宜蘭縣三星鄉第3選舉區,雷慧玲,2
宜蘭縣三星鄉第3選舉區,曾茂照,3
宜蘭縣三星鄉第3選舉區,游織嫙,4
宜蘭縣三星鄉第3選舉區,葉金安,5
宜蘭縣三星鄉第3選舉區,范期勛,6
宜蘭縣三星鄉第4選舉區,陳春基,1
宜蘭縣三星鄉第4選舉區,陳世玉,2
宜蘭縣三星鄉第4選舉區,秦慧玲,3
宜蘭縣三星鄉第4選舉區,陳健龍,4
宜蘭縣大同鄉第1選舉區,林志維,1
宜蘭縣大同鄉第2選舉區,賴文富,1
宜蘭縣大同鄉第2選舉區,楊金源,2
宜蘭縣大同鄉第2選舉區,古清山,3
宜蘭縣大同鄉第3選舉區,簡進??,1
宜蘭縣大同鄉第3選舉區,鐘進財,2
宜蘭縣大同鄉第3選舉區,依基洛．馬紹 YCIRO．MASAW,3
宜蘭縣大同鄉第4選舉區,潘獎,1
宜蘭縣大同鄉第4選舉區,陳忠義,2
宜蘭縣大同鄉第4選舉區,黃金海,3
宜蘭縣大同鄉第4選舉區,呂萬福,4
宜蘭縣大同鄉第4選舉區,林春雄,5
宜蘭縣南澳鄉第1選舉區,豊張遴,1
宜蘭縣南澳鄉第1選舉區,胡勝己,2
宜蘭縣南澳鄉第1選舉區,江茜亞,3
宜蘭縣南澳鄉第1選舉區,嵬浪•斗力Wilang.Toli,4
宜蘭縣南澳鄉第1選舉區,江添盛,5
宜蘭縣南澳鄉第1選舉區,李元亮,6
宜蘭縣南澳鄉第2選舉區,林士帆,1
宜蘭縣南澳鄉第2選舉區,林德富,2
宜蘭縣南澳鄉第2選舉區,松為山,3
宜蘭縣南澳鄉第2選舉區,雅各•多力,4
宜蘭縣南澳鄉第3選舉區,吳長福,1
宜蘭縣南澳鄉第3選舉區,方惠明,2
宜蘭縣南澳鄉第4選舉區,劉燈煌,1
宜蘭縣南澳鄉第4選舉區,廖俊傑,2
花蓮縣花蓮市第1選舉區,黃達祥,1
花蓮縣花蓮市第1選舉區,蔣邦法,2
花蓮縣花蓮市第1選舉區,蔡翼陽,3
花蓮縣花蓮市第1選舉區,謝宜萱,4
花蓮縣花蓮市第2選舉區,楊哲灃,1
花蓮縣花蓮市第3選舉區,許願神,1
花蓮縣花蓮市第3選舉區,歐彥志,2
花蓮縣花蓮市第3選舉區,魏鈺晟,3
花蓮縣花蓮市第3選舉區,江如玲,4
花蓮縣花蓮市第3選舉區,潘文賢,5
花蓮縣花蓮市第3選舉區,江奉宜,6
花蓮縣花蓮市第4選舉區,呂?明,1
花蓮縣花蓮市第4選舉區,黃瑞文,2
花蓮縣花蓮市第4選舉區,陳惠卿,3
花蓮縣花蓮市第4選舉區,田珍綺,4
花蓮縣花蓮市第4選舉區,林百瑞,5
花蓮縣花蓮市第4選舉區,娃娃．攸攸 Wawa．Yuyuh,6
花蓮縣花蓮市第4選舉區,李振瑋,7
花蓮縣花蓮市第4選舉區,游政霖,8
花蓮縣花蓮市第4選舉區,莊依婕,9
花蓮縣花蓮市第5選舉區,林錦生,1
花蓮縣花蓮市第5選舉區,平島?部定,2
花蓮縣花蓮市第5選舉區,蕭民隆,3
花蓮縣花蓮市第5選舉區,謝主羚,4
花蓮縣鳳林鎮第1選舉區,石明俊,1
花蓮縣鳳林鎮第1選舉區,林冠宏,2
花蓮縣鳳林鎮第1選舉區,郭岳霖,3
花蓮縣鳳林鎮第1選舉區,林子齊,4
花蓮縣鳳林鎮第1選舉區,翁林瑞蘭,5
花蓮縣鳳林鎮第1選舉區,徐登縣,6
花蓮縣鳳林鎮第1選舉區,韓修義,7
花蓮縣鳳林鎮第1選舉區,黃靜珠,8
花蓮縣鳳林鎮第1選舉區,詹清忠,9
花蓮縣鳳林鎮第1選舉區,江慶裕,10
花蓮縣鳳林鎮第1選舉區,陳明龍,11
花蓮縣鳳林鎮第1選舉區,吳徐素美,12
花蓮縣鳳林鎮第2選舉區,馮文光,1
花蓮縣鳳林鎮第2選舉區,許朝輝,2
花蓮縣鳳林鎮第2選舉區,龍春文,3
花蓮縣鳳林鎮第3選舉區,劉喜湘,1
花蓮縣鳳林鎮第3選舉區,周清豪,2
花蓮縣鳳林鎮第4選舉區,連金福,1
花蓮縣鳳林鎮第4選舉區,黃新德 Amid• ?Apak,2
花蓮縣玉里鎮第1選舉區,吳聖義,1
花蓮縣玉里鎮第1選舉區,吳朝成,2
花蓮縣玉里鎮第1選舉區,吳新文,3
花蓮縣玉里鎮第1選舉區,張明慧,4
花蓮縣玉里鎮第1選舉區,羅世泉,5
花蓮縣玉里鎮第1選舉區,鄧坤明,6
花蓮縣玉里鎮第1選舉區,姜文博,7
花蓮縣玉里鎮第1選舉區,徐玉珠,8
花蓮縣玉里鎮第1選舉區,張添富,9
花蓮縣玉里鎮第1選舉區,呂佳怡,10
花蓮縣玉里鎮第1選舉區,張一旻,11
花蓮縣玉里鎮第1選舉區,莊笠,12
花蓮縣玉里鎮第2選舉區,周鑾英,1
花蓮縣玉里鎮第3選舉區,林大豐,1
花蓮縣玉里鎮第3選舉區,林彩英,2
花蓮縣玉里鎮第3選舉區,鄭莉莉,3
花蓮縣玉里鎮第4選舉區,陳重吉,1
花蓮縣玉里鎮第4選舉區,林金和,2
花蓮縣玉里鎮第4選舉區,秀吉•撒夫洛,3
花蓮縣玉里鎮第4選舉區,林錦鴻,4
花蓮縣玉里鎮第4選舉區,謝德川,5
花蓮縣新城鄉第1選舉區,陳金龍,1
花蓮縣新城鄉第1選舉區,林國賢,2
花蓮縣新城鄉第2選舉區,陳柏錩,1
花蓮縣新城鄉第2選舉區,陳秀玲,2
花蓮縣新城鄉第2選舉區,鄧可平,3
花蓮縣新城鄉第2選舉區,傅緯豪,4
花蓮縣新城鄉第2選舉區,余瑞宏,5
花蓮縣新城鄉第2選舉區,林志盛,6
花蓮縣新城鄉第2選舉區,郭彩寶,7
花蓮縣新城鄉第3選舉區,李秋男,1
花蓮縣新城鄉第3選舉區,郭濬森,2
花蓮縣新城鄉第3選舉區,張美華,3
花蓮縣新城鄉第3選舉區,梁玉華,4
花蓮縣新城鄉第4選舉區,田金峰,1
花蓮縣新城鄉第4選舉區,王聰山,2
花蓮縣新城鄉第4選舉區,葛秋夫 Di.Han.Ulawer.Panay,3
花蓮縣新城鄉第4選舉區,呂春美 Iku.Karang,4
花蓮縣吉安鄉第1選舉區,姜景文,1
花蓮縣吉安鄉第1選舉區,劉靜文,2
花蓮縣吉安鄉第1選舉區,黃登科,3
花蓮縣吉安鄉第1選舉區,林宗達,4
花蓮縣吉安鄉第1選舉區,蘇文將,5
花蓮縣吉安鄉第2選舉區,高德安,1
花蓮縣吉安鄉第2選舉區,?文谷,2
花蓮縣吉安鄉第2選舉區,黃金發,3
花蓮縣吉安鄉第3選舉區,彭建華,1
花蓮縣吉安鄉第3選舉區,邱美雲,2
花蓮縣吉安鄉第3選舉區,楊進福,3
花蓮縣吉安鄉第3選舉區,黃松生,4
花蓮縣吉安鄉第3選舉區,楊靖妍,5
花蓮縣吉安鄉第3選舉區,詹益萬,6
花蓮縣吉安鄉第4選舉區,余震華,1
花蓮縣吉安鄉第4選舉區,林志忠 Akiyu Malu,2
花蓮縣吉安鄉第4選舉區,吳世明,3
花蓮縣壽豐鄉第1選舉區,許凱彬,1
花蓮縣壽豐鄉第1選舉區,黃水龍,2
花蓮縣壽豐鄉第1選舉區,鄭美香,3
花蓮縣壽豐鄉第1選舉區,諶武成,4
花蓮縣壽豐鄉第1選舉區,??寶貴,5
花蓮縣壽豐鄉第2選舉區,李錦福,1
花蓮縣壽豐鄉第2選舉區,張仁俊,2
花蓮縣壽豐鄉第2選舉區,吳靖雯,3
花蓮縣壽豐鄉第2選舉區,周欽南,4
花蓮縣壽豐鄉第3選舉區,林瑞國,1
花蓮縣壽豐鄉第4選舉區,卓阿敏,1
花蓮縣壽豐鄉第4選舉區,謝東穎,2
花蓮縣壽豐鄉第4選舉區,房美瑤,3
花蓮縣壽豐鄉第4選舉區,馬其山 Lasang Cilu,4
花蓮縣壽豐鄉第4選舉區,林晨延,5
花蓮縣光復鄉第1選舉區,王武奇,1
花蓮縣光復鄉第1選舉區,李美瑩,2
花蓮縣光復鄉第1選舉區,林淑清,3
花蓮縣光復鄉第1選舉區,鍾貴雄,4
花蓮縣光復鄉第1選舉區,廖翊鈞,5
花蓮縣光復鄉第1選舉區,林泰旭,6
花蓮縣光復鄉第2選舉區,鍾蔚諮,1
花蓮縣光復鄉第2選舉區,鍾玉清,2
花蓮縣光復鄉第3選舉區,蔡智輝,1
花蓮縣光復鄉第3選舉區,吳榮豊,2
花蓮縣光復鄉第3選舉區,張惠美,3
花蓮縣光復鄉第3選舉區,鄭萬正Ipay-Kaeti,4
花蓮縣光復鄉第3選舉區,理新•哈魯蔚 Lisin•Haluwey,5
花蓮縣光復鄉第4選舉區,吳輝明,1
花蓮縣光復鄉第4選舉區,萬榮中,2
花蓮縣光復鄉第4選舉區,楊天明,3
花蓮縣光復鄉第4選舉區,石美智,4
花蓮縣光復鄉第4選舉區,吳依臻,5
花蓮縣光復鄉第4選舉區,鄭金寶Kumod•Angan,6
花蓮縣豐濱鄉第1選舉區,古方新,1
花蓮縣豐濱鄉第2選舉區,張仕學,1
花蓮縣豐濱鄉第2選舉區,吳素英,2
花蓮縣豐濱鄉第2選舉區,潘禎祥,3
花蓮縣豐濱鄉第2選舉區,何俊雄,4
花蓮縣豐濱鄉第2選舉區,司玉花 Akiyok·Sawmah,5
花蓮縣豐濱鄉第2選舉區,吳耀福,6
花蓮縣豐濱鄉第2選舉區,李威寰,7
花蓮縣豐濱鄉第2選舉區,劉靜芳,8
花蓮縣豐濱鄉第2選舉區,林健正,9
花蓮縣瑞穗鄉第1選舉區,鍾順成,1
花蓮縣瑞穗鄉第1選舉區,羅文騰,2
花蓮縣瑞穗鄉第1選舉區,陳國政,3
花蓮縣瑞穗鄉第1選舉區,陳志明,4
花蓮縣瑞穗鄉第1選舉區,林佳和,5
花蓮縣瑞穗鄉第1選舉區,黃建華,6
花蓮縣瑞穗鄉第1選舉區,鍾明秋,7
花蓮縣瑞穗鄉第1選舉區,陳進光,8
花蓮縣瑞穗鄉第1選舉區,林玉梅,9
花蓮縣瑞穗鄉第2選舉區,鍾湧春,1
花蓮縣瑞穗鄉第2選舉區,賴柄佑,2
花蓮縣瑞穗鄉第3選舉區,詹金福,1
花蓮縣瑞穗鄉第3選舉區,余新德,2
花蓮縣瑞穗鄉第3選舉區,陳秀珍,3
花蓮縣瑞穗鄉第3選舉區,楊秀蘭,4
花蓮縣瑞穗鄉第3選舉區,陳源發,5
花蓮縣瑞穗鄉第3選舉區,陳秀蘭,6
花蓮縣瑞穗鄉第3選舉區,徐成國 Hane·Gayaw,7
花蓮縣瑞穗鄉第3選舉區,鍾紫韻,8
花蓮縣富里鄉第1選舉區,林夢柔,1
花蓮縣富里鄉第1選舉區,鄒文鈞,2
花蓮縣富里鄉第1選舉區,潘武雄,3
花蓮縣富里鄉第1選舉區,葉家鴻,4
花蓮縣富里鄉第1選舉區,蕭文龍,5
花蓮縣富里鄉第2選舉區,何貴香,1
花蓮縣富里鄉第2選舉區,簡明志,2
花蓮縣富里鄉第2選舉區,杜金模,3
花蓮縣富里鄉第2選舉區,張信興,4
花蓮縣富里鄉第3選舉區,潘務本 Saw Mah,1
花蓮縣富里鄉第3選舉區,高岳霖,2
花蓮縣富里鄉第3選舉區,孫永承,3
花蓮縣秀林鄉第1選舉區,夏義松,1
花蓮縣秀林鄉第1選舉區,林義裕 Sigi Mari,2
花蓮縣秀林鄉第1選舉區,白世義,3
花蓮縣秀林鄉第1選舉區,卓明義,4
花蓮縣秀林鄉第1選舉區,陳實誠 Mincung Sigibu,5
花蓮縣秀林鄉第1選舉區,潘正盈,6
花蓮縣秀林鄉第1選舉區,王則元,7
花蓮縣秀林鄉第1選舉區,高毓真,8
花蓮縣秀林鄉第1選舉區,白秀娟,9
花蓮縣秀林鄉第1選舉區,胡瑞祥,10
花蓮縣秀林鄉第1選舉區,拉比馬沙 Labi•Masa,11
花蓮縣秀林鄉第1選舉區,賴俊傑,12
花蓮縣秀林鄉第1選舉區,鍾華玉,13
花蓮縣秀林鄉第1選舉區,郭新勇,14
花蓮縣秀林鄉第1選舉區,白靜文,15
花蓮縣秀林鄉第2選舉區,高維寧 Tapang·Cinsi,1
花蓮縣秀林鄉第2選舉區,金云湘,2
花蓮縣秀林鄉第2選舉區,巫佳霓,3
花蓮縣秀林鄉第2選舉區,駱燕玲,4
花蓮縣秀林鄉第2選舉區,林俊雄,5
花蓮縣秀林鄉第2選舉區,游青龍,6
花蓮縣秀林鄉第3選舉區,邱惠英,1
花蓮縣秀林鄉第3選舉區,賴偉翔,2
花蓮縣秀林鄉第3選舉區,梁文孝,3
花蓮縣秀林鄉第3選舉區,賴惠美 Masay Lawking,4
花蓮縣秀林鄉第3選舉區,丁麗芳,5
花蓮縣秀林鄉第3選舉區,蔡培火,6
花蓮縣秀林鄉第3選舉區,王沈剛竹,7
花蓮縣秀林鄉第4選舉區,黃福祥,1
花蓮縣秀林鄉第4選舉區,林素美,2
花蓮縣秀林鄉第4選舉區,羅名材 Halu·Lihang,3
花蓮縣萬榮鄉第1選舉區,劉光照,1
花蓮縣萬榮鄉第1選舉區,潘元基 Bowxil·Ragu,2
花蓮縣萬榮鄉第1選舉區,陳添煌,3
花蓮縣萬榮鄉第1選舉區,黃憲 Utay·Samaw,4
花蓮縣萬榮鄉第1選舉區,黃坤耀 Lbak·Uking,5
花蓮縣萬榮鄉第2選舉區,高德亮,1
花蓮縣萬榮鄉第2選舉區,賴淑鶯,2
花蓮縣萬榮鄉第2選舉區,劉添順,3
花蓮縣萬榮鄉第3選舉區,馬光榮,1
花蓮縣萬榮鄉第3選舉區,古金榮,2
花蓮縣萬榮鄉第3選舉區,陳群,3
花蓮縣萬榮鄉第3選舉區,嚴秋谷,4
花蓮縣萬榮鄉第3選舉區,江溫和,5
花蓮縣卓溪鄉第1選舉區,?德魏,1
花蓮縣卓溪鄉第1選舉區,詹志郎 Takun·Tusang,2
花蓮縣卓溪鄉第1選舉區,施鎮村Ｑaisul．Sunavan,3
花蓮縣卓溪鄉第1選舉區,蘇貴妹 Kimi•Yuji,4
花蓮縣卓溪鄉第1選舉區,卓孝明,5
花蓮縣卓溪鄉第2選舉區,張永華,1
花蓮縣卓溪鄉第2選舉區,高正虎,2
花蓮縣卓溪鄉第2選舉區,高發財,3
花蓮縣卓溪鄉第2選舉區,林惠婷,4
花蓮縣卓溪鄉第2選舉區,邱秀英 A bus takisvilainan,5
花蓮縣卓溪鄉第2選舉區,李桂英 Savi Takisvilainan,6
臺東縣臺東市第1選舉區,洪瑞隆,1
臺東縣臺東市第1選舉區,陳真福,2
臺東縣臺東市第2選舉區,陳俊宏,1
臺東縣臺東市第2選舉區,邱英山,2
臺東縣臺東市第2選舉區,潘頤頻,3
臺東縣臺東市第2選舉區,鄭廖春美,4
臺東縣臺東市第2選舉區,胡中南,5
臺東縣臺東市第2選舉區,邱忠敏,6
臺東縣臺東市第2選舉區,唐小萍,7
臺東縣臺東市第2選舉區,顏子馮,8
臺東縣臺東市第2選舉區,金暐杰,9
臺東縣臺東市第2選舉區,王泰捷,10
臺東縣臺東市第3選舉區,陳孟伸,1
臺東縣臺東市第3選舉區,趙韋童,2
臺東縣臺東市第3選舉區,李宜明,3
臺東縣臺東市第3選舉區,劉春美,4
臺東縣臺東市第3選舉區,陳金溪,5
臺東縣臺東市第3選舉區,陳柄睿,6
臺東縣臺東市第3選舉區,陳瀅瑄,7
臺東縣臺東市第3選舉區,陳國民,8
臺東縣臺東市第3選舉區,張品澤,9
臺東縣臺東市第4選舉區,蔡政家,1
臺東縣臺東市第4選舉區,謝龍泉,2
臺東縣臺東市第5選舉區,柳星辰,1
臺東縣臺東市第5選舉區,高旭,2
臺東縣臺東市第5選舉區,陳明龍,3
臺東縣臺東市第5選舉區,田逸農,4
臺東縣臺東市第5選舉區,巫化•巴阿立佑司,5
臺東縣臺東市第5選舉區,林志龍,6
臺東縣臺東市第5選舉區,潘韋愷,7
臺東縣臺東市第5選舉區,潘正顥,8
臺東縣成功鎮第1選舉區,蘇育朋,1
臺東縣成功鎮第1選舉區,陳威旭,2
臺東縣成功鎮第1選舉區,查道晴,3
臺東縣成功鎮第1選舉區,吳俊寬,4
臺東縣成功鎮第1選舉區,林聰傑,5
臺東縣成功鎮第1選舉區,陳秋豆,6
臺東縣成功鎮第1選舉區,蘇俊雄,7
臺東縣成功鎮第1選舉區,黃冠棨,8
臺東縣成功鎮第1選舉區,吳佩真,9
臺東縣成功鎮第1選舉區,楊瑞華,10
臺東縣成功鎮第1選舉區,王東吉,11
臺東縣成功鎮第2選舉區,葉聰義,1
臺東縣成功鎮第2選舉區,洪進榮,2
臺東縣成功鎮第2選舉區,楊世光,3
臺東縣成功鎮第2選舉區,"蔡新輝
Son Tok Kulas",4
臺東縣成功鎮第2選舉區,賴蘋妹,5
臺東縣成功鎮第2選舉區,陳婕妤,6
臺東縣成功鎮第2選舉區,陳振明,7
臺東縣成功鎮第2選舉區,陳南蓀,8
臺東縣關山鎮第1選舉區,李偉鈺,1
臺東縣關山鎮第1選舉區,謝東原,2
臺東縣關山鎮第1選舉區,劉曉菁,3
臺東縣關山鎮第1選舉區,古聰壽,4
臺東縣關山鎮第2選舉區,莊炘原,1
臺東縣關山鎮第2選舉區,彭東輝,2
臺東縣關山鎮第3選舉區,吳文忠,1
臺東縣關山鎮第3選舉區,蔡昌翰,2
臺東縣關山鎮第4選舉區,呂文龍,1
臺東縣關山鎮第4選舉區,"黃玉英
Ｕsay Amui Lipay",2
臺東縣關山鎮第4選舉區,"羅章榮
Kakupa Arang",3
臺東縣卑南鄉第1選舉區,楊才松,1
臺東縣卑南鄉第1選舉區,吳昇和,2
臺東縣卑南鄉第1選舉區,吳憶琪,3
臺東縣卑南鄉第1選舉區,楊益誠,4
臺東縣卑南鄉第1選舉區,李俊賢,5
臺東縣卑南鄉第1選舉區,陳鳳英,6
臺東縣卑南鄉第2選舉區,謝明道,1
臺東縣卑南鄉第2選舉區,廖聰和,2
臺東縣卑南鄉第2選舉區,廖忠聖,3
臺東縣卑南鄉第3選舉區,田明元,1
臺東縣卑南鄉第3選舉區,黃學臺,2
臺東縣卑南鄉第3選舉區,馬亦廷,3
臺東縣卑南鄉第3選舉區,李芳媚,4
臺東縣卑南鄉第3選舉區,王尚美,5
臺東縣卑南鄉第3選舉區,洪吉雄,6
臺東縣卑南鄉第3選舉區,林雪玉,7
臺東縣卑南鄉第3選舉區,李德良,8
臺東縣鹿野鄉第1選舉區,郭金飛,1
臺東縣鹿野鄉第1選舉區,陳韋吉,2
臺東縣鹿野鄉第1選舉區,鄧清欉,3
臺東縣鹿野鄉第1選舉區,郭清塗,4
臺東縣鹿野鄉第1選舉區,任建民,5
臺東縣鹿野鄉第2選舉區,徐榜駿,1
臺東縣鹿野鄉第2選舉區,曾國豪,2
臺東縣鹿野鄉第2選舉區,黎萬和,3
臺東縣鹿野鄉第3選舉區,陽勝榮,1
臺東縣鹿野鄉第3選舉區,李鴻斌,2
臺東縣鹿野鄉第3選舉區,陳金花,3
臺東縣鹿野鄉第3選舉區,陽志明,4
臺東縣池上鄉第1選舉區,許金興,1
臺東縣池上鄉第1選舉區,江鑫貴,2
臺東縣池上鄉第1選舉區,黃麗香,3
臺東縣池上鄉第1選舉區,林文雄,4
臺東縣池上鄉第2選舉區,邱煥森,1
臺東縣池上鄉第2選舉區,鍾祐綾,2
臺東縣池上鄉第3選舉區,羅菊妹,1
臺東縣池上鄉第3選舉區,魏其位,2
臺東縣池上鄉第4選舉區,林連生,1
臺東縣池上鄉第4選舉區,林阿貴,2
臺東縣池上鄉第4選舉區,陳莉蘋,3
臺東縣池上鄉第4選舉區,潘旭瑞,4
臺東縣東河鄉第1選舉區,鄭志昌,1
臺東縣東河鄉第1選舉區,陳季微,2
臺東縣東河鄉第1選舉區,劉五龍,3
臺東縣東河鄉第1選舉區,曾培誠,4
臺東縣東河鄉第1選舉區,周燕稜,5
臺東縣東河鄉第2選舉區,李春成,1
臺東縣東河鄉第2選舉區,鍾祥光,2
臺東縣東河鄉第2選舉區,黃美珠,3
臺東縣東河鄉第2選舉區,陳鳳真,4
臺東縣東河鄉第2選舉區,黃金妹,5
臺東縣東河鄉第2選舉區,"吳占勝
Suiling．Asiku",6
臺東縣東河鄉第2選舉區,黃庭甄,7
臺東縣東河鄉第2選舉區,柯禧音,8
臺東縣東河鄉第2選舉區,"陳光明
Sawmah Futor",9
臺東縣東河鄉第2選舉區,高美燕,10
臺東縣東河鄉第2選舉區,林貴賢,11
臺東縣長濱鄉第1選舉區,梁秀貞,1
臺東縣長濱鄉第1選舉區,林修正,2
臺東縣長濱鄉第1選舉區,李健吉,3
臺東縣長濱鄉第2選舉區,高玉珠,1
臺東縣長濱鄉第2選舉區,嚴美玲,2
臺東縣長濱鄉第2選舉區,陳金嬌,3
臺東縣長濱鄉第2選舉區,"林錦顯
Kacaw．Lafa",4
臺東縣長濱鄉第2選舉區,"章雅豐
Yosef．Akiko．Kacaw",5
臺東縣長濱鄉第2選舉區,莊詩清,6
臺東縣長濱鄉第2選舉區,白金榮,7
臺東縣太麻里鄉第1選舉區,王永盛,1
臺東縣太麻里鄉第1選舉區,林順益,2
臺東縣太麻里鄉第1選舉區,李朝勝,3
臺東縣太麻里鄉第1選舉區,陳明輝,4
臺東縣太麻里鄉第2選舉區,雷明聖,1
臺東縣太麻里鄉第2選舉區,廖雙穎,2
臺東縣太麻里鄉第2選舉區,李英華,3
臺東縣太麻里鄉第2選舉區,陳水獅,4
臺東縣太麻里鄉第3選舉區,李高明珠,1
臺東縣太麻里鄉第3選舉區,陳寵吉,2
臺東縣太麻里鄉第3選舉區,潘德順,3
臺東縣太麻里鄉第3選舉區,林美智,4
臺東縣太麻里鄉第4選舉區,陳孫金,1
臺東縣太麻里鄉第4選舉區,羅春明,2
臺東縣太麻里鄉第4選舉區,蔡源山,3
臺東縣太麻里鄉第4選舉區,邱天生,4
臺東縣大武鄉第1選舉區,王景昌,1
臺東縣大武鄉第1選舉區,詹勳鴻,2
臺東縣大武鄉第1選舉區,黃萬吉,3
臺東縣大武鄉第1選舉區,黃萬秋,4
臺東縣大武鄉第1選舉區,鄭義成,5
臺東縣大武鄉第2選舉區,鄭振雄,1
臺東縣大武鄉第2選舉區,柯玉英,2
臺東縣大武鄉第2選舉區,高?自強,3
臺東縣大武鄉第2選舉區,蔡宇嫻,4
臺東縣大武鄉第2選舉區,王一山,5
臺東縣大武鄉第2選舉區,金勝男,6
臺東縣大武鄉第2選舉區,高春花,7
臺東縣綠島鄉第1選舉區,林倚樟,1
臺東縣綠島鄉第1選舉區,蘇俊宏,2
臺東縣綠島鄉第1選舉區,鄭姵辰,3
臺東縣綠島鄉第2選舉區,何富祥,1
臺東縣綠島鄉第2選舉區,鄭志華,2
臺東縣綠島鄉第2選舉區,陳韋宇,3
臺東縣綠島鄉第3選舉區,田亦生,1
臺東縣綠島鄉第3選舉區,田貴寶,2
臺東縣綠島鄉第3選舉區,陳建平,3
臺東縣海端鄉第1選舉區,古振英,1
臺東縣海端鄉第1選舉區,古明良,2
臺東縣海端鄉第2選舉區,王秀美,1
臺東縣海端鄉第2選舉區,古天來,2
臺東縣海端鄉第2選舉區,余秀英,3
臺東縣海端鄉第2選舉區,"余瑋廷
Kavas Ispalidaz",4
臺東縣海端鄉第2選舉區,王進保,5
臺東縣海端鄉第2選舉區,余忠學,6
臺東縣海端鄉第2選舉區,"余泓霆
isbalidav Dahu",7
臺東縣海端鄉第2選舉區,"許凱文
Aziman˙Takisdahuan",8
臺東縣海端鄉第3選舉區,胡天國,1
臺東縣海端鄉第3選舉區,江清輝,2
臺東縣海端鄉第3選舉區,胡淑貞,3
臺東縣海端鄉第3選舉區,拉尼琥,4
臺東縣延平鄉第1選舉區,王胡月麗,1
臺東縣延平鄉第1選舉區,古總結,2
臺東縣延平鄉第1選舉區,白布農,3
臺東縣延平鄉第1選舉區,古清華,4
臺東縣延平鄉第1選舉區,?源田,5
臺東縣延平鄉第1選舉區,古梅玉,6
臺東縣延平鄉第1選舉區,邱仁雄,7
臺東縣延平鄉第2選舉區,余進坤,1
臺東縣延平鄉第2選舉區,邱文俊,2
臺東縣延平鄉第3選舉區,鄭八郎,1
臺東縣延平鄉第3選舉區,胡秋琴,2
臺東縣延平鄉第3選舉區,王勇生,3
臺東縣金峰鄉第1選舉區,李正達,1
臺東縣金峰鄉第1選舉區,林教廣,2
臺東縣金峰鄉第1選舉區,曾志光,3
臺東縣金峰鄉第1選舉區,高勤書,4
臺東縣金峰鄉第1選舉區,劉明承,5
臺東縣金峰鄉第2選舉區,許政輝,1
臺東縣金峰鄉第2選舉區,張新發,2
臺東縣金峰鄉第2選舉區,賴念榮,3
臺東縣金峰鄉第2選舉區,胡昭青,4
臺東縣金峰鄉第3選舉區,葉彥祥,1
臺東縣金峰鄉第3選舉區,高世忠,2
臺東縣金峰鄉第4選舉區,卓芯慈,1
臺東縣金峰鄉第4選舉區,林光明,2
臺東縣達仁鄉第1選舉區,孫國志,1
臺東縣達仁鄉第1選舉區,"林枚煌
Lakuy．Tajlinaw",2
臺東縣達仁鄉第1選舉區,邱慶蘭,3
臺東縣達仁鄉第1選舉區,葛鴻文,4
臺東縣達仁鄉第2選舉區,石振雄,1
臺東縣達仁鄉第2選舉區,劉仁宗,2
臺東縣達仁鄉第2選舉區,吳明忠,3
臺東縣達仁鄉第3選舉區,廖新一,1
臺東縣達仁鄉第3選舉區,董美華,2
臺東縣達仁鄉第3選舉區,邱志偉,3
臺東縣達仁鄉第3選舉區,尤嘉妡,4
臺東縣蘭嶼鄉選舉區,林正文,1
臺東縣蘭嶼鄉選舉區,謝秀雄,2
臺東縣蘭嶼鄉選舉區,謝阿生,3
臺東縣蘭嶼鄉選舉區,施孝榮,4
臺東縣蘭嶼鄉選舉區,楊馬倫,5
臺東縣蘭嶼鄉選舉區,周秋進,6
臺東縣蘭嶼鄉選舉區,謝明輝,7
臺東縣蘭嶼鄉選舉區,謝保芳,8
臺東縣蘭嶼鄉選舉區,廖金龍,9
臺東縣蘭嶼鄉選舉區,蔡玉珠,10
臺東縣蘭嶼鄉選舉區,施東勇,11
臺東縣蘭嶼鄉選舉區,呂俠,12
臺東縣蘭嶼鄉選舉區,郭惠妹,13
臺東縣蘭嶼鄉選舉區,李奉祈,14
臺東縣蘭嶼鄉選舉區,鍾雅多,15
澎湖縣馬公市第1選舉區,呂蕙羽,1
澎湖縣馬公市第1選舉區,顏正仁,2
澎湖縣馬公市第1選舉區,謝佑康,3
澎湖縣馬公市第1選舉區,陳永和,4
澎湖縣馬公市第2選舉區,薛淑娟,1
澎湖縣馬公市第2選舉區,吳仁祥,2
澎湖縣馬公市第2選舉區,黃春燕,3
澎湖縣馬公市第2選舉區,黃旭輝,4
澎湖縣馬公市第2選舉區,吳鴻任,5
澎湖縣馬公市第2選舉區,莊國輝,6
澎湖縣馬公市第2選舉區,王南昕,7
澎湖縣馬公市第2選舉區,譚蘭芬,8
澎湖縣馬公市第3選舉區,胡佩青,1
澎湖縣馬公市第3選舉區,呂國垠,2
澎湖縣馬公市第3選舉區,歐銀花,3
澎湖縣馬公市第3選舉區,許彥玲,4
澎湖縣馬公市第3選舉區,吳武宗,5
澎湖縣馬公市第3選舉區,洪清騰,6
澎湖縣馬公市第3選舉區,蔡英輝,7
澎湖縣馬公市第3選舉區,黃宓萱,8
澎湖縣馬公市第4選舉區,陳永澎,1
澎湖縣馬公市第4選舉區,吳志宏,2
澎湖縣湖西鄉第1選舉區,甄開源,1
澎湖縣湖西鄉第1選舉區,辛永固,2
澎湖縣湖西鄉第1選舉區,李麗美,3
澎湖縣湖西鄉第1選舉區,洪志銘,4
澎湖縣湖西鄉第1選舉區,林振強,5
澎湖縣湖西鄉第2選舉區,林清鑫,1
澎湖縣湖西鄉第2選舉區,曾才發,2
澎湖縣湖西鄉第2選舉區,陳邦基,3
澎湖縣湖西鄉第2選舉區,李建翰,4
澎湖縣湖西鄉第2選舉區,陳志均,5
澎湖縣湖西鄉第2選舉區,陳秉虔,6
澎湖縣湖西鄉第2選舉區,洪良合,7
澎湖縣湖西鄉第3選舉區,陳妍臻,1
澎湖縣湖西鄉第3選舉區,呂平清,2
澎湖縣湖西鄉第3選舉區,洪榮利,3
澎湖縣湖西鄉第3選舉區,鄭素珍,4
澎湖縣湖西鄉第3選舉區,王經邦,5
澎湖縣湖西鄉第3選舉區,陳紘諒,6
澎湖縣湖西鄉第3選舉區,李月華,7
澎湖縣白沙鄉第1選舉區,郭汝敏,1
澎湖縣白沙鄉第1選舉區,吳正利,2
澎湖縣白沙鄉第1選舉區,許龍聰,3
澎湖縣白沙鄉第2選舉區,吳良添,1
澎湖縣白沙鄉第2選舉區,黃宗妙,2
澎湖縣白沙鄉第2選舉區,涂憲鐘,3
澎湖縣白沙鄉第2選舉區,鄭惠英,4
澎湖縣白沙鄉第3選舉區,葉慶祥,1
澎湖縣白沙鄉第3選舉區,林宗順,2
澎湖縣白沙鄉第3選舉區,許高福,3
澎湖縣白沙鄉第4選舉區,呂建文,1
澎湖縣白沙鄉第4選舉區,陳金福,2
澎湖縣西嶼鄉第1選舉區,蔡益利,1
澎湖縣西嶼鄉第1選舉區,蔡建習,2
澎湖縣西嶼鄉第2選舉區,鍾玉倫,1
澎湖縣西嶼鄉第2選舉區,陳金女,2
澎湖縣西嶼鄉第2選舉區,趙文敏,3
澎湖縣西嶼鄉第3選舉區,呂清陣,1
澎湖縣西嶼鄉第3選舉區,李家萱,2
澎湖縣西嶼鄉第3選舉區,薛美華,3
澎湖縣西嶼鄉第3選舉區,許見情,4
澎湖縣西嶼鄉第3選舉區,洪耀幸,5
澎湖縣望安鄉第1選舉區,許秋月,1
澎湖縣望安鄉第1選舉區,陳淑娟,2
澎湖縣望安鄉第1選舉區,王志成,3
澎湖縣望安鄉第1選舉區,許淑真,4
澎湖縣望安鄉第2選舉區,俞寶貴,1
澎湖縣望安鄉第2選舉區,許啟庭,2
澎湖縣望安鄉第2選舉區,俞益興,3
澎湖縣望安鄉第3選舉區,陳董金針,1
澎湖縣望安鄉第3選舉區,陳明現,2
澎湖縣望安鄉第3選舉區,呂福肯,3
澎湖縣七美鄉第1選舉區,葉約迫,1
澎湖縣七美鄉第1選舉區,許惠珊,2
澎湖縣七美鄉第1選舉區,邵張慈,3
澎湖縣七美鄉第2選舉區,張訓五,1
澎湖縣七美鄉第2選舉區,葉長茂,2
澎湖縣七美鄉第2選舉區,許萬景,3
澎湖縣七美鄉第3選舉區,張明寧,1
澎湖縣七美鄉第3選舉區,夏建成,2
澎湖縣七美鄉第3選舉區,陳吉富,3
澎湖縣七美鄉第3選舉區,許明昌,4
金門縣金城鎮選舉區,郭永隆,1
金門縣金城鎮選舉區,翁沂杰,2
金門縣金城鎮選舉區,蔡云豪,3
金門縣金城鎮選舉區,蘇碧浯,4
金門縣金城鎮選舉區,陳天成,5
金門縣金城鎮選舉區,黃文麟,6
金門縣金城鎮選舉區,汪松威,7
金門縣金城鎮選舉區,許燕輝,8
金門縣金城鎮選舉區,翁裕凱,9
金門縣金城鎮選舉區,陳子芸,10
金門縣金城鎮選舉區,林金英,11
金門縣金城鎮選舉區,莊嘉銘,12
金門縣金城鎮選舉區,蔡宗儒,13
金門縣金城鎮選舉區,蔡培榮,14
金門縣金城鎮選舉區,倪于媃,15
金門縣金城鎮選舉區,李錫瑜,16
金門縣金沙鎮選舉區,蔡連進,1
金門縣金沙鎮選舉區,蔡寶愛,2
金門縣金沙鎮選舉區,張成爵,3
金門縣金沙鎮選舉區,周水土,4
金門縣金沙鎮選舉區,黃聰成,5
金門縣金沙鎮選舉區,何開忠,6
金門縣金沙鎮選舉區,周欣怡,7
金門縣金沙鎮選舉區,黃奕焮,8
金門縣金沙鎮選舉區,黃秀花,9
金門縣金沙鎮選舉區,呂寶玉,10
金門縣金湖鎮選舉區,李志鴻,1
金門縣金湖鎮選舉區,呂錦同,2
金門縣金湖鎮選舉區,林慧君,3
金門縣金湖鎮選舉區,陳威彰,4
金門縣金湖鎮選舉區,陳淑亭,5
金門縣金湖鎮選舉區,蔡乃靖,6
金門縣金湖鎮選舉區,李秀華,7
金門縣金湖鎮選舉區,蔡建偉,8
金門縣金湖鎮選舉區,洪海水,9
金門縣金湖鎮選舉區,林麗芬,10
金門縣金湖鎮選舉區,張中法,11
金門縣金湖鎮選舉區,林嘉森,12
金門縣金湖鎮選舉區,陳秀卿,13
金門縣金湖鎮選舉區,劉時榮,14
金門縣金寧鄉選舉區,李銘騏,1
金門縣金寧鄉選舉區,陳孝融,2
金門縣金寧鄉選舉區,黃文欣,3
金門縣金寧鄉選舉區,李俊龍,4
金門縣金寧鄉選舉區,鍾尚志,5
金門縣金寧鄉選舉區,辛愛華,6
金門縣金寧鄉選舉區,陳尤莉,7
金門縣金寧鄉選舉區,陳秀金,8
金門縣金寧鄉選舉區,莊振源,9
金門縣金寧鄉選舉區,楊水信,10
金門縣金寧鄉選舉區,翁明惠,11
金門縣烈嶼鄉選舉區,洪健中,1
金門縣烈嶼鄉選舉區,謝景瑜,2
金門縣烈嶼鄉選舉區,陳家揚,3
金門縣烈嶼鄉選舉區,洪雅明,4
金門縣烈嶼鄉選舉區,陳秀治,5
金門縣烈嶼鄉選舉區,林宜蘭,6
金門縣烈嶼鄉選舉區,吳福全,7
金門縣烈嶼鄉選舉區,林長耕,8
金門縣烈嶼鄉選舉區,方駿洋,9
金門縣烈嶼鄉選舉區,林長征,10
金門縣烈嶼鄉選舉區,蔡昱軒,11
金門縣烏坵鄉選舉區,黃金揚,1
金門縣烏坵鄉選舉區,林有進,2
金門縣烏坵鄉選舉區,陳興德,3
金門縣烏坵鄉選舉區,蔡福春,4
連江縣南竿鄉第1選舉區,李忠堅,1
連江縣南竿鄉第1選舉區,曹爾淼,2
連江縣南竿鄉第1選舉區,陳錦泰,3
連江縣南竿鄉第1選舉區,李哲宇,4
連江縣南竿鄉第1選舉區,陳聖泓,5
連江縣南竿鄉第1選舉區,陳彥錡,6
連江縣南竿鄉第1選舉區,林紹馨,7
連江縣南竿鄉第1選舉區,陳則汎,8
連江縣南竿鄉第1選舉區,楊水英,9
連江縣北竿鄉第2選舉區,王冠予,1
連江縣北竿鄉第2選舉區,鄭禮頤,2
連江縣北竿鄉第2選舉區,林加友,3
連江縣北竿鄉第2選舉區,詹庭語,4
連江縣北竿鄉第2選舉區,王芳瑤,5
連江縣北竿鄉第2選舉區,王長源,6
連江縣莒光鄉第3選舉區,陳飛汎,1
連江縣莒光鄉第3選舉區,陳竑任,2
連江縣莒光鄉第3選舉區,林宏豫,3
連江縣莒光鄉第3選舉區,陳彥岑,4
連江縣莒光鄉第3選舉區,史麗彬,5
連江縣莒光鄉第3選舉區,劉秋富,6
連江縣莒光鄉第3選舉區,曹端陽,7
連江縣莒光鄉第3選舉區,王秀金,8
連江縣莒光鄉第3選舉區,劉玉應,9
連江縣東引鄉第4選舉區,王維德,1
連江縣東引鄉第4選舉區,王禮翼,2
連江縣東引鄉第4選舉區,陳子驎,3
連江縣東引鄉第4選舉區,張雪華,4
連江縣東引鄉第4選舉區,劉家宏,5
連江縣東引鄉第4選舉區,劉淑娥,6
連江縣東引鄉第4選舉區,林宇超,7
